objectid,parentid,filename,title,description,creator,date,date is approximate,subject,location,location-address,latitude,longitude,source,identifier,type,format original,format,digital collection,contributing institution,language,rights,rightsstatement,display_template,object_location,image_small,image_thumb
fitzgerald0001,,ijcmg004_b001_f001-001.jpg,Ella Fitzgerald portrait [1],Black and white photographed portait of Ella Fitzgerald.,,1940,,vocalist; black-and-white photographs; jazz,,,,,University of Idaho Library IJC MG 4 Ella Fitzgerald Collection,ijcmg004_b001_f001-001,Image;StillImage,Black & white photograph,image/jpeg,Ella Fitzgerald Collection,University of Idaho Special Collections and Archives,eng,"Educational use only. Educational use includes non-commercial use of text and images in materials for teaching and research purposes. Digital reproduction rights granted by the University of Idaho Library. For other uses beyond free use, please contact the University of Idaho Library Special Collections and Archives Department at libspec@uidaho.edu.",http://rightsstatements.org/vocab/InC-EDU/1.0/,image,https://objects.lib.uidaho.edu/ella-fitzgerald/ijcmg004_b001_f001-001.jpg,https://objects.lib.uidaho.edu/ella-fitzgerald/small/ijcmg004_b001_f001-001_sm.jpg,https://objects.lib.uidaho.edu/ella-fitzgerald/thumbs/ijcmg004_b001_f001-001_th.jpg
fitzgerald0002,,ijcmg004_b001_f001-002.jpg,Ella Fitzgerald wearing a headscarf,Postcard containing a black and white photograph of Ella Fitzgerald wearing a headscarf,"Randolf, William ""Popsie"" (1920-1978)",1975,,photographic postcard; vocalist; jazz,,,,,University of Idaho Library IJC MG 4 Ella Fitzgerald Collection,ijcmg004_b001_f001-002,Image;StillImage,Black & white photograph,image/jpeg,Ella Fitzgerald Collection,University of Idaho Special Collections and Archives,eng,"Educational use only. Educational use includes non-commercial use of text and images in materials for teaching and research purposes. Digital reproduction rights granted by the University of Idaho Library. For other uses beyond free use, please contact the University of Idaho Library Special Collections and Archives Department at libspec@uidaho.edu.",http://rightsstatements.org/vocab/InC-EDU/1.0/,image,https://objects.lib.uidaho.edu/ella-fitzgerald/ijcmg004_b001_f001-002.jpg,https://objects.lib.uidaho.edu/ella-fitzgerald/small/ijcmg004_b001_f001-002_sm.jpg,https://objects.lib.uidaho.edu/ella-fitzgerald/thumbs/ijcmg004_b001_f001-002_th.jpg
fitzgerald0003,,ijcmg004_b001_f001-003.jpg,Ella Fitzgerald portrait [2],Postscard containing black and white photographed portait of Ella Fitzgerald.,"Kriegsman, James J. (1908-1994)",1980,,photographic postcard; vocalist; jazz,,,,,University of Idaho Library IJC MG 4 Ella Fitzgerald Collection,ijcmg004_b001_f001-003,Image;StillImage,Black & white photograph,image/jpeg,Ella Fitzgerald Collection,University of Idaho Special Collections and Archives,eng,"Educational use only. Educational use includes non-commercial use of text and images in materials for teaching and research purposes. Digital reproduction rights granted by the University of Idaho Library. For other uses beyond free use, please contact the University of Idaho Library Special Collections and Archives Department at libspec@uidaho.edu.",http://rightsstatements.org/vocab/InC-EDU/1.0/,image,https://objects.lib.uidaho.edu/ella-fitzgerald/ijcmg004_b001_f001-003.jpg,https://objects.lib.uidaho.edu/ella-fitzgerald/small/ijcmg004_b001_f001-003_sm.jpg,https://objects.lib.uidaho.edu/ella-fitzgerald/thumbs/ijcmg004_b001_f001-003_th.jpg
fitzgerald0004,,ijcmg004_b001_f001-004.jpg,Ella Fitzgerald portrait [3],Postscard containing black and white photographed portait of Ella Fitzgerald.,,,,photographic postcard; vocalist; jazz,,,,,University of Idaho Library IJC MG 4 Ella Fitzgerald Collection,ijcmg004_b001_f001-004,Image;StillImage,Black & white photograph,image/jpeg,Ella Fitzgerald Collection,University of Idaho Special Collections and Archives,eng,"Educational use only. Educational use includes non-commercial use of text and images in materials for teaching and research purposes. Digital reproduction rights granted by the University of Idaho Library. For other uses beyond free use, please contact the University of Idaho Library Special Collections and Archives Department at libspec@uidaho.edu.",http://rightsstatements.org/vocab/InC-EDU/1.0/,image,https://objects.lib.uidaho.edu/ella-fitzgerald/ijcmg004_b001_f001-004.jpg,https://objects.lib.uidaho.edu/ella-fitzgerald/small/ijcmg004_b001_f001-004_sm.jpg,https://objects.lib.uidaho.edu/ella-fitzgerald/thumbs/ijcmg004_b001_f001-004_th.jpg
fitzgerald0005,,ijcmg004_b001_f001-005.jpg,"Ella Fitzgerald in a paisley dress, holding a microphone","Black and White portrait of Ella Fitzgerald for the cover of ""Ella Fitzgerald Live at the Montreaux Jazz Festival 1975"" record from Pablo records.",,1975-07-15,,jazz; black-and-white photographs; vocalist; musical performance,Casino Montreux,"Rue du Théâtre 9, 1820 Montreux, Switzerland",,,University of Idaho Library IJC MG 4 Ella Fitzgerald Collection,ijcmg004_b001_f001-005,Image;StillImage,Black & white photograph,image/jpeg,Ella Fitzgerald Collection,University of Idaho Special Collections and Archives,eng,"Educational use only. Educational use includes non-commercial use of text and images in materials for teaching and research purposes. Digital reproduction rights granted by the University of Idaho Library. For other uses beyond free use, please contact the University of Idaho Library Special Collections and Archives Department at libspec@uidaho.edu.",http://rightsstatements.org/vocab/InC-EDU/1.0/,image,https://objects.lib.uidaho.edu/ella-fitzgerald/ijcmg004_b001_f001-005.jpg,https://objects.lib.uidaho.edu/ella-fitzgerald/small/ijcmg004_b001_f001-005_sm.jpg,https://objects.lib.uidaho.edu/ella-fitzgerald/thumbs/ijcmg004_b001_f001-005_th.jpg
fitzgerald0006,,ijcmg004_b001_f001-006.jpg,Ella Fitzgerald smiling,Black and white photographed portait of Ella Fitzgerald smiling at the camera.,,,,vocalist; black-and-white photographs; jazz,,,,,University of Idaho Library IJC MG 4 Ella Fitzgerald Collection,ijcmg004_b001_f001-006,Image;StillImage,Black & white photograph,image/jpeg,Ella Fitzgerald Collection,University of Idaho Special Collections and Archives,eng,"Educational use only. Educational use includes non-commercial use of text and images in materials for teaching and research purposes. Digital reproduction rights granted by the University of Idaho Library. For other uses beyond free use, please contact the University of Idaho Library Special Collections and Archives Department at libspec@uidaho.edu.",http://rightsstatements.org/vocab/InC-EDU/1.0/,image,https://objects.lib.uidaho.edu/ella-fitzgerald/ijcmg004_b001_f001-006.jpg,https://objects.lib.uidaho.edu/ella-fitzgerald/small/ijcmg004_b001_f001-006_sm.jpg,https://objects.lib.uidaho.edu/ella-fitzgerald/thumbs/ijcmg004_b001_f001-006_th.jpg
fitzgerald0007,,ijcmg004_b001_f001-007.jpg,Ella Fitzgerald performing in a flowered dress,Black and white photograph of Ella Fitzgerald performing at the empire room of the Waldorf Astoria.,"Frehm, Ron (1924-) ",1971-03-30,,jazz; black-and-white photographs; vocalist; musical performance,Waldorf Astoria (Empire Room),"301 Park Ave, New York, NY 10022",40.75696563,-73.97367079,University of Idaho Library IJC MG 4 Ella Fitzgerald Collection,ijcmg004_b001_f001-007,Image;StillImage,Black & white photograph,image/jpeg,Ella Fitzgerald Collection,University of Idaho Special Collections and Archives,eng,"Educational use only. Educational use includes non-commercial use of text and images in materials for teaching and research purposes. Digital reproduction rights granted by the University of Idaho Library. For other uses beyond free use, please contact the University of Idaho Library Special Collections and Archives Department at libspec@uidaho.edu.",http://rightsstatements.org/vocab/InC-EDU/1.0/,image,https://objects.lib.uidaho.edu/ella-fitzgerald/ijcmg004_b001_f001-007.jpg,https://objects.lib.uidaho.edu/ella-fitzgerald/small/ijcmg004_b001_f001-007_sm.jpg,https://objects.lib.uidaho.edu/ella-fitzgerald/thumbs/ijcmg004_b001_f001-007_th.jpg
fitzgerald0008,,ijcmg004_b001_f001-008.jpg,Ella Fitzgerald in a turtleneck and jacket,Black and white photograph of Ella Fitzgerald wearing a turtleneck and jacket,,,,vocalist; black-and-white photographs; jazz,,,,,University of Idaho Library IJC MG 4 Ella Fitzgerald Collection,ijcmg004_b001_f001-008,Image;StillImage,Black & white photograph,image/jpeg,Ella Fitzgerald Collection,University of Idaho Special Collections and Archives,eng,"Educational use only. Educational use includes non-commercial use of text and images in materials for teaching and research purposes. Digital reproduction rights granted by the University of Idaho Library. For other uses beyond free use, please contact the University of Idaho Library Special Collections and Archives Department at libspec@uidaho.edu.",http://rightsstatements.org/vocab/InC-EDU/1.0/,image,https://objects.lib.uidaho.edu/ella-fitzgerald/ijcmg004_b001_f001-008.jpg,https://objects.lib.uidaho.edu/ella-fitzgerald/small/ijcmg004_b001_f001-008_sm.jpg,https://objects.lib.uidaho.edu/ella-fitzgerald/thumbs/ijcmg004_b001_f001-008_th.jpg
fitzgerald0009,,ijcmg004_b001_f001-009.jpg,Ella Fitzgerald portrait [4],Black and white photographed portait of Ella Fitzgerald.,,,,vocalist; black-and-white photographs; jazz,,,,,University of Idaho Library IJC MG 4 Ella Fitzgerald Collection,ijcmg004_b001_f001-009,Image;StillImage,Black & white photograph,image/jpeg,Ella Fitzgerald Collection,University of Idaho Special Collections and Archives,eng,"Educational use only. Educational use includes non-commercial use of text and images in materials for teaching and research purposes. Digital reproduction rights granted by the University of Idaho Library. For other uses beyond free use, please contact the University of Idaho Library Special Collections and Archives Department at libspec@uidaho.edu.",http://rightsstatements.org/vocab/InC-EDU/1.0/,image,https://objects.lib.uidaho.edu/ella-fitzgerald/ijcmg004_b001_f001-009.jpg,https://objects.lib.uidaho.edu/ella-fitzgerald/small/ijcmg004_b001_f001-009_sm.jpg,https://objects.lib.uidaho.edu/ella-fitzgerald/thumbs/ijcmg004_b001_f001-009_th.jpg
fitzgerald0010,,ijcmg004_b001_f001-010.jpg,Ella Fitzgerald wearing a sequined shirt,Black and white photographed portait of Ella Fitzgerald at the Taylor and Rose Award,,1980,,vocalist; black-and-white photographs; jazz,,,,,University of Idaho Library IJC MG 4 Ella Fitzgerald Collection,ijcmg004_b001_f001-010,Image;StillImage,Black & white photograph,image/jpeg,Ella Fitzgerald Collection,University of Idaho Special Collections and Archives,eng,"Educational use only. Educational use includes non-commercial use of text and images in materials for teaching and research purposes. Digital reproduction rights granted by the University of Idaho Library. For other uses beyond free use, please contact the University of Idaho Library Special Collections and Archives Department at libspec@uidaho.edu.",http://rightsstatements.org/vocab/InC-EDU/1.0/,image,https://objects.lib.uidaho.edu/ella-fitzgerald/ijcmg004_b001_f001-010.jpg,https://objects.lib.uidaho.edu/ella-fitzgerald/small/ijcmg004_b001_f001-010_sm.jpg,https://objects.lib.uidaho.edu/ella-fitzgerald/thumbs/ijcmg004_b001_f001-010_th.jpg
fitzgerald0011,,ijcmg004_b001_f001-011.jpg,Ella Fitzgerald wearing a white dress while performing on stage,"Black and white portrait of Ella Fitzgerald for the cover of ""Dream Dancing"" from Pablo records 1977 Montreaux.",,,,jazz; black-and-white photographs; vocalist; musical performance,,,,,University of Idaho Library IJC MG 4 Ella Fitzgerald Collection,ijcmg004_b001_f001-011,Image;StillImage,Black & white photograph,image/jpeg,Ella Fitzgerald Collection,University of Idaho Special Collections and Archives,eng,"Educational use only. Educational use includes non-commercial use of text and images in materials for teaching and research purposes. Digital reproduction rights granted by the University of Idaho Library. For other uses beyond free use, please contact the University of Idaho Library Special Collections and Archives Department at libspec@uidaho.edu.",http://rightsstatements.org/vocab/InC-EDU/1.0/,image,https://objects.lib.uidaho.edu/ella-fitzgerald/ijcmg004_b001_f001-011.jpg,https://objects.lib.uidaho.edu/ella-fitzgerald/small/ijcmg004_b001_f001-011_sm.jpg,https://objects.lib.uidaho.edu/ella-fitzgerald/thumbs/ijcmg004_b001_f001-011_th.jpg
fitzgerald0012,,ijcmg004_b001_f001-012.jpg,Ella Fitzgerald wearing a black hat and vest,Black and white photographed portait of Ella Fitzgerald from cover of Things Ain't What they Used to Be.,,,,vocalist; black-and-white photographs; jazz,,,,,University of Idaho Library IJC MG 4 Ella Fitzgerald Collection,ijcmg004_b001_f001-012,Image;StillImage,Black & white photograph,image/jpeg,Ella Fitzgerald Collection,University of Idaho Special Collections and Archives,eng,"Educational use only. Educational use includes non-commercial use of text and images in materials for teaching and research purposes. Digital reproduction rights granted by the University of Idaho Library. For other uses beyond free use, please contact the University of Idaho Library Special Collections and Archives Department at libspec@uidaho.edu.",http://rightsstatements.org/vocab/InC-EDU/1.0/,image,https://objects.lib.uidaho.edu/ella-fitzgerald/ijcmg004_b001_f001-012.jpg,https://objects.lib.uidaho.edu/ella-fitzgerald/small/ijcmg004_b001_f001-012_sm.jpg,https://objects.lib.uidaho.edu/ella-fitzgerald/thumbs/ijcmg004_b001_f001-012_th.jpg
fitzgerald0013,,ijcmg004_b001_f002-001.jpg,Ella Fitzgerald wearing a bright blue dress and gold necklace,"Photograph of Ella Fitzgerald sitting in a chair, and wearing a bright blue dress",,,,vocalist; black-and-white photographs; jazz,,,,,University of Idaho Library IJC MG 4 Ella Fitzgerald Collection,ijcmg004_b001_f002-001,Image;StillImage,Color photograph,image/jpeg,Ella Fitzgerald Collection,University of Idaho Special Collections and Archives,eng,"Educational use only. Educational use includes non-commercial use of text and images in materials for teaching and research purposes. Digital reproduction rights granted by the University of Idaho Library. For other uses beyond free use, please contact the University of Idaho Library Special Collections and Archives Department at libspec@uidaho.edu.",http://rightsstatements.org/vocab/InC-EDU/1.0/,image,https://objects.lib.uidaho.edu/ella-fitzgerald/ijcmg004_b001_f002-001.jpg,https://objects.lib.uidaho.edu/ella-fitzgerald/small/ijcmg004_b001_f002-001_sm.jpg,https://objects.lib.uidaho.edu/ella-fitzgerald/thumbs/ijcmg004_b001_f002-001_th.jpg
fitzgerald0014,,ijcmg004_b001_f002-002.jpg,Signed photograph of Ella Fitzgerald performing in a striped dress,Signed black and white photograp of Ella Fitzgerald at the Capital Jazz Festival *(double check).,,,,jazz; black-and-white photographs; vocalist; musical performance,,,,,University of Idaho Library IJC MG 4 Ella Fitzgerald Collection,ijcmg004_b001_f002-002,Image;StillImage,Black & white photograph,image/jpeg,Ella Fitzgerald Collection,University of Idaho Special Collections and Archives,eng,"Educational use only. Educational use includes non-commercial use of text and images in materials for teaching and research purposes. Digital reproduction rights granted by the University of Idaho Library. For other uses beyond free use, please contact the University of Idaho Library Special Collections and Archives Department at libspec@uidaho.edu.",http://rightsstatements.org/vocab/InC-EDU/1.0/,image,https://objects.lib.uidaho.edu/ella-fitzgerald/ijcmg004_b001_f002-002.jpg,https://objects.lib.uidaho.edu/ella-fitzgerald/small/ijcmg004_b001_f002-002_sm.jpg,https://objects.lib.uidaho.edu/ella-fitzgerald/thumbs/ijcmg004_b001_f002-002_th.jpg
fitzgerald0015,,ijcmg004_b001_f003-003.jpg,Ella Fitzgerald's Pablo Records business card,Ella Fitzgerald's buiseness card for Pablo Records.,,,,buisness cards;,,,,,University of Idaho Library IJC MG 4 Ella Fitzgerald Collection,ijcmg004_b001_f003-003,Text,Card,image/jpeg,Ella Fitzgerald Collection,University of Idaho Special Collections and Archives,eng,"Educational use only. Educational use includes non-commercial use of text and images in materials for teaching and research purposes. Digital reproduction rights granted by the University of Idaho Library. For other uses beyond free use, please contact the University of Idaho Library Special Collections and Archives Department at libspec@uidaho.edu.",http://rightsstatements.org/vocab/InC-EDU/1.0/,image,https://objects.lib.uidaho.edu/ella-fitzgerald/ijcmg004_b001_f003-003.jpg,https://objects.lib.uidaho.edu/ella-fitzgerald/small/ijcmg004_b001_f003-003_sm.jpg,https://objects.lib.uidaho.edu/ella-fitzgerald/thumbs/ijcmg004_b001_f003-003_th.jpg
fitzgerald0016,,ijcmg004_b001-004.pdf,"""Begin the Beguine"" sheet music ","Ella Fitzgerald's sheet music for Marty Paich's arrangement of Cole Porters song ""Begin the Beguine.""",Pacific Music Papers,1963,yes,sheet music; jazz; vocalist ,,,,,University of Idaho Library IJC MG 4 Ella Fitzgerald Collection,ijcmg004_b001-004,Text,Sheetmusic,application/pdf,Ella Fitzgerald Collection,University of Idaho Special Collections and Archives,eng,"Educational use only. Educational use includes non-commercial use of text and images in materials for teaching and research purposes. Digital reproduction rights granted by the University of Idaho Library. For other uses beyond free use, please contact the University of Idaho Library Special Collections and Archives Department at libspec@uidaho.edu.",http://rightsstatements.org/vocab/InC-EDU/1.0/,pdf,https://objects.lib.uidaho.edu/ella-fitzgerald/ijcmg004_b001-004.pdf,https://objects.lib.uidaho.edu/ella-fitzgerald/small/ijcmg004_b001-004_sm.jpg,https://objects.lib.uidaho.edu/ella-fitzgerald/thumbs/ijcmg004_b001-004_th.jpg
fitzgerald0017,,ijcmg004_b001-005.pdf,"""What a Difference a Day Made"" lyric sheet ","Ella Fitzgerald's lyric sheet for Maria Grever and Stanley Adams's song ""What a Difference a Day has Made.""","Grever, Maria (1887-1951); Adams, Stanley (1907-1994) ",,,sheet music; jazz; vocalist ,,,,,University of Idaho Library IJC MG 4 Ella Fitzgerald Collection,ijcmg004_b001-005,Text,Sheetmusic,application/pdf,Ella Fitzgerald Collection,University of Idaho Special Collections and Archives,eng,"Educational use only. Educational use includes non-commercial use of text and images in materials for teaching and research purposes. Digital reproduction rights granted by the University of Idaho Library. For other uses beyond free use, please contact the University of Idaho Library Special Collections and Archives Department at libspec@uidaho.edu.",http://rightsstatements.org/vocab/InC-EDU/1.0/,pdf,https://objects.lib.uidaho.edu/ella-fitzgerald/ijcmg004_b001-005.pdf,https://objects.lib.uidaho.edu/ella-fitzgerald/small/ijcmg004_b001-005_sm.jpg,https://objects.lib.uidaho.edu/ella-fitzgerald/thumbs/ijcmg004_b001-005_th.jpg
fitzgerald0018,,ijcmg004_b001-006.pdf,"""Useless Landscape"" lyric sheet","Ella Fitzgerald's lyric sheet for Antonio Carlos Jobims song ""Useless Landscape.""","Carlos Jobim, Antonio (1927-1994)",1981,,sheet music; jazz; vocalist ,,,,,University of Idaho Library IJC MG 4 Ella Fitzgerald Collection,ijcmg004_b001-006,Text,Sheetmusic,application/pdf,Ella Fitzgerald Collection,University of Idaho Special Collections and Archives,por;eng,"Educational use only. Educational use includes non-commercial use of text and images in materials for teaching and research purposes. Digital reproduction rights granted by the University of Idaho Library. For other uses beyond free use, please contact the University of Idaho Library Special Collections and Archives Department at libspec@uidaho.edu.",http://rightsstatements.org/vocab/InC-EDU/1.0/,pdf,https://objects.lib.uidaho.edu/ella-fitzgerald/ijcmg004_b001-006.pdf,https://objects.lib.uidaho.edu/ella-fitzgerald/small/ijcmg004_b001-006_sm.jpg,https://objects.lib.uidaho.edu/ella-fitzgerald/thumbs/ijcmg004_b001-006_th.jpg
fitzgerald0019,,ijcmg004_b001-007.pdf,"""Song of the Jet"" lyric sheet","Ella Fitzgerald's lyric sheet for Antonio Carlos Jobims song ""Song of the Jet.""","Carlos Jobim, Antonio (1927-1994)",1981,,sheet music; jazz; vocalist ,,,,,University of Idaho Library IJC MG 4 Ella Fitzgerald Collection,ijcmg004_b001-007,Text,Sheetmusic,application/pdf,Ella Fitzgerald Collection,University of Idaho Special Collections and Archives,por;eng,"Educational use only. Educational use includes non-commercial use of text and images in materials for teaching and research purposes. Digital reproduction rights granted by the University of Idaho Library. For other uses beyond free use, please contact the University of Idaho Library Special Collections and Archives Department at libspec@uidaho.edu.",http://rightsstatements.org/vocab/InC-EDU/1.0/,pdf,https://objects.lib.uidaho.edu/ella-fitzgerald/ijcmg004_b001-007.pdf,https://objects.lib.uidaho.edu/ella-fitzgerald/small/ijcmg004_b001-007_sm.jpg,https://objects.lib.uidaho.edu/ella-fitzgerald/thumbs/ijcmg004_b001-007_th.jpg
fitzgerald0020,,ijcmg004_b001-008.pdf,Norman Granz's Jazz at the Philharmonic 14th national tour program,Program from the Norman Granz's Jazz at the Philharmonic 14th National Tour.,"Granz, Norman (1918-2001)",1954,,concert programs; jazz; vocalist,,,,,University of Idaho Library IJC MG 4 Ella Fitzgerald Collection,ijcmg004_b001-008,Text,Booklet,application/pdf,Ella Fitzgerald Collection,University of Idaho Special Collections and Archives,eng,"Educational use only. Educational use includes non-commercial use of text and images in materials for teaching and research purposes. Digital reproduction rights granted by the University of Idaho Library. For other uses beyond free use, please contact the University of Idaho Library Special Collections and Archives Department at libspec@uidaho.edu.",http://rightsstatements.org/vocab/InC-EDU/1.0/,pdf,https://objects.lib.uidaho.edu/ella-fitzgerald/ijcmg004_b001-008.pdf,https://objects.lib.uidaho.edu/ella-fitzgerald/small/ijcmg004_b001-008_sm.jpg,https://objects.lib.uidaho.edu/ella-fitzgerald/thumbs/ijcmg004_b001-008_th.jpg
fitzgerald0021,,ijcmg004_b001-009.pdf,Norman Granz's Jazz at the Philharmonic 16th national tour program,Program from the Norman Granz's Jazz at the Philharmonic 16th National Tour. ,"Granz, Norman (1918-2001)",1955,,concert programs; jazz; vocalist ,,,,,University of Idaho Library IJC MG 4 Ella Fitzgerald Collection,ijcmg004_b001-009,Text,Booklet,application/pdf,Ella Fitzgerald Collection,University of Idaho Special Collections and Archives,eng,"Educational use only. Educational use includes non-commercial use of text and images in materials for teaching and research purposes. Digital reproduction rights granted by the University of Idaho Library. For other uses beyond free use, please contact the University of Idaho Library Special Collections and Archives Department at libspec@uidaho.edu.",http://rightsstatements.org/vocab/InC-EDU/1.0/,pdf,https://objects.lib.uidaho.edu/ella-fitzgerald/ijcmg004_b001-009.pdf,https://objects.lib.uidaho.edu/ella-fitzgerald/small/ijcmg004_b001-009_sm.jpg,https://objects.lib.uidaho.edu/ella-fitzgerald/thumbs/ijcmg004_b001-009_th.jpg
fitzgerald0022,,ijcmg004_b001-010.pdf,"""Jazz at the Philharmonic: The Ella Fitzgerald Set"" record cover ","Record cover of ""Jazz at the Philharmonic: The Ella Fitzgerald Set"" from the Verve Record Label. ","Granz, Norman (1918-2001)",1983,,long-playing records; jazz; vocalist; record covers,,,,,University of Idaho Library IJC MG 4 Ella Fitzgerald Collection,ijcmg004_b001-010,Image;StillImage,Record cover,application/pdf,Ella Fitzgerald Collection,University of Idaho Special Collections and Archives,eng,"Educational use only. Educational use includes non-commercial use of text and images in materials for teaching and research purposes. Digital reproduction rights granted by the University of Idaho Library. For other uses beyond free use, please contact the University of Idaho Library Special Collections and Archives Department at libspec@uidaho.edu.",http://rightsstatements.org/vocab/InC-EDU/1.0/,pdf,https://objects.lib.uidaho.edu/ella-fitzgerald/ijcmg004_b001-010.pdf,https://objects.lib.uidaho.edu/ella-fitzgerald/small/ijcmg004_b001-010_sm.jpg,https://objects.lib.uidaho.edu/ella-fitzgerald/thumbs/ijcmg004_b001-010_th.jpg
fitzgerald0023,,ijcmg004_b001-011.pdf,"""Ella Fitzgerald Sings the Johnny Mercer Song Book"" record cover","Record cover of ""Ella Fitzgerald Sings the Johnny Mercer Song Book.""","Granz, Norman (1918-2001)",1964,,long-playing records; jazz; vocalist; record covers,Universal Music Group,"2220 Colorado Avenue, Santa Monica , CA 90403",34.02759296,-118.4742396,University of Idaho Library IJC MG 4 Ella Fitzgerald Collection,ijcmg004_b001-011,Image;StillImage,Record cover,application/pdf,Ella Fitzgerald Collection,University of Idaho Special Collections and Archives,eng,"Educational use only. Educational use includes non-commercial use of text and images in materials for teaching and research purposes. Digital reproduction rights granted by the University of Idaho Library. For other uses beyond free use, please contact the University of Idaho Library Special Collections and Archives Department at libspec@uidaho.edu.",http://rightsstatements.org/vocab/InC-EDU/1.0/,pdf,https://objects.lib.uidaho.edu/ella-fitzgerald/ijcmg004_b001-011.pdf,https://objects.lib.uidaho.edu/ella-fitzgerald/small/ijcmg004_b001-011_sm.jpg,https://objects.lib.uidaho.edu/ella-fitzgerald/thumbs/ijcmg004_b001-011_th.jpg
fitzgerald0024,,ijcmg004_b001-012.pdf,"""Ella Fitzgerald's Christmas"" record cover","Record cover of ""Ella Fitzgerald's Christmas.""",Capital Records,1967,,long-playing records; jazz; vocalist; record covers,Universal Music Group,"2220 Colorado Avenue, Santa Monica , CA 90403",34.02759296,-118.4742396,University of Idaho Library IJC MG 4 Ella Fitzgerald Collection,ijcmg004_b001-012,Image;StillImage,Record cover,application/pdf,Ella Fitzgerald Collection,University of Idaho Special Collections and Archives,eng,"Educational use only. Educational use includes non-commercial use of text and images in materials for teaching and research purposes. Digital reproduction rights granted by the University of Idaho Library. For other uses beyond free use, please contact the University of Idaho Library Special Collections and Archives Department at libspec@uidaho.edu.",http://rightsstatements.org/vocab/InC-EDU/1.0/,pdf,https://objects.lib.uidaho.edu/ella-fitzgerald/ijcmg004_b001-012.pdf,https://objects.lib.uidaho.edu/ella-fitzgerald/small/ijcmg004_b001-012_sm.jpg,https://objects.lib.uidaho.edu/ella-fitzgerald/thumbs/ijcmg004_b001-012_th.jpg
fitzgerald0025,,ijcmg004_b001-013.pdf,"""Ella Fitzgerald, The Rodgers and Hart Songbook"" record cover","Record cover of ""Ella Fitzgerald, The Rodgers and Hart Songbook""","Granz, Norman (1918-2001)",1967,,long-playing records; jazz; vocalist; record covers,Universal Music Group,"2220 Colorado Avenue, Santa Monica , CA 90403",34.02759296,-118.4742396,University of Idaho Library IJC MG 4 Ella Fitzgerald Collection,ijcmg004_b001-013,Image;StillImage,Record cover,application/pdf,Ella Fitzgerald Collection,University of Idaho Special Collections and Archives,eng,"Educational use only. Educational use includes non-commercial use of text and images in materials for teaching and research purposes. Digital reproduction rights granted by the University of Idaho Library. For other uses beyond free use, please contact the University of Idaho Library Special Collections and Archives Department at libspec@uidaho.edu.",http://rightsstatements.org/vocab/InC-EDU/1.0/,pdf,https://objects.lib.uidaho.edu/ella-fitzgerald/ijcmg004_b001-013.pdf,https://objects.lib.uidaho.edu/ella-fitzgerald/small/ijcmg004_b001-013_sm.jpg,https://objects.lib.uidaho.edu/ella-fitzgerald/thumbs/ijcmg004_b001-013_th.jpg
fitzgerald0026,,ijcmg004_b001-014.pdf,"""Digital III at Montreux"" record cover","Record cover of ""Digital III at Montreux,"" by Ella Fitzgerald, Count Basie, Joe Pass, and Niels-Henning Orsted Pendersen.","Granz, Norman (1918-2001)",1980,,long-playing records; jazz; vocalist; record covers,Pablo Records,"Los Angeles, CA",34.0520261,-118.2799282,University of Idaho Library IJC MG 4 Ella Fitzgerald Collection,ijcmg004_b001-014,Image;StillImage,Record cover,application/pdf,Ella Fitzgerald Collection,University of Idaho Special Collections and Archives,eng,"Educational use only. Educational use includes non-commercial use of text and images in materials for teaching and research purposes. Digital reproduction rights granted by the University of Idaho Library. For other uses beyond free use, please contact the University of Idaho Library Special Collections and Archives Department at libspec@uidaho.edu.",http://rightsstatements.org/vocab/InC-EDU/1.0/,pdf,https://objects.lib.uidaho.edu/ella-fitzgerald/ijcmg004_b001-014.pdf,https://objects.lib.uidaho.edu/ella-fitzgerald/small/ijcmg004_b001-014_sm.jpg,https://objects.lib.uidaho.edu/ella-fitzgerald/thumbs/ijcmg004_b001-014_th.jpg
fitzgerald0027,,ijcmg004_b001-015.pdf,"""Ella Fitzgerald at the Montreux Jazz Festival"" record cover","Record cover of ""Ella Fitzgerald at the Montreux Jazz Festival"" from 1975.","Granz, Norman (1918-2001)",1975-07-17,,long-playing records; jazz; vocalist; record covers,Pablo Records,"Los Angeles, CA",34.0520261,-118.2799282,University of Idaho Library IJC MG 4 Ella Fitzgerald Collection,ijcmg004_b001-015,Image;StillImage,Record cover,application/pdf,Ella Fitzgerald Collection,University of Idaho Special Collections and Archives,eng,"Educational use only. Educational use includes non-commercial use of text and images in materials for teaching and research purposes. Digital reproduction rights granted by the University of Idaho Library. For other uses beyond free use, please contact the University of Idaho Library Special Collections and Archives Department at libspec@uidaho.edu.",http://rightsstatements.org/vocab/InC-EDU/1.0/,pdf,https://objects.lib.uidaho.edu/ella-fitzgerald/ijcmg004_b001-015.pdf,https://objects.lib.uidaho.edu/ella-fitzgerald/small/ijcmg004_b001-015_sm.jpg,https://objects.lib.uidaho.edu/ella-fitzgerald/thumbs/ijcmg004_b001-015_th.jpg
fitzgerald0028,,ijcmg004_b001-016.pdf,"""Lady Time"" record cover","Record cover of Ella Fitzgerald's ""Lady Time""","Granz, Norman (1918-2001)",1978-06-19; 1978-06-20,,long-playing records; jazz; vocalist; record covers,Pablo Records,"Los Angeles, CA",34.0520261,-118.2799282,University of Idaho Library IJC MG 4 Ella Fitzgerald Collection,ijcmg004_b001-016,Image;StillImage,Record cover,application/pdf,Ella Fitzgerald Collection,University of Idaho Special Collections and Archives,eng,"Educational use only. Educational use includes non-commercial use of text and images in materials for teaching and research purposes. Digital reproduction rights granted by the University of Idaho Library. For other uses beyond free use, please contact the University of Idaho Library Special Collections and Archives Department at libspec@uidaho.edu.",http://rightsstatements.org/vocab/InC-EDU/1.0/,pdf,https://objects.lib.uidaho.edu/ella-fitzgerald/ijcmg004_b001-016.pdf,https://objects.lib.uidaho.edu/ella-fitzgerald/small/ijcmg004_b001-016_sm.jpg,https://objects.lib.uidaho.edu/ella-fitzgerald/thumbs/ijcmg004_b001-016_th.jpg
fitzgerald0029,,ijcmg004_b001-017.pdf,"""Ella Fitzgerald Sings the Rodgers and Hart Song Book"" record cover","Record cover of ""Ella Fitzgerald Sings the Rodgers and Hart Song Book.""","Granz, Norman (1918-2001)",1956,,long-playing records; jazz; vocalist; record covers,Universal Music Group,"2220 Colorado Avenue, Santa Monica , CA 90405",34.02759296,-118.4742396,University of Idaho Library IJC MG 4 Ella Fitzgerald Collection,ijcmg004_b001-017,Image;StillImage,Record cover,application/pdf,Ella Fitzgerald Collection,University of Idaho Special Collections and Archives,eng,"Educational use only. Educational use includes non-commercial use of text and images in materials for teaching and research purposes. Digital reproduction rights granted by the University of Idaho Library. For other uses beyond free use, please contact the University of Idaho Library Special Collections and Archives Department at libspec@uidaho.edu.",http://rightsstatements.org/vocab/InC-EDU/1.0/,pdf,https://objects.lib.uidaho.edu/ella-fitzgerald/ijcmg004_b001-017.pdf,https://objects.lib.uidaho.edu/ella-fitzgerald/small/ijcmg004_b001-017_sm.jpg,https://objects.lib.uidaho.edu/ella-fitzgerald/thumbs/ijcmg004_b001-017_th.jpg
fitzgerald0030,,ijcmg004_b001-018.pdf,"""Ella In London"" record cover","Record cover of ""Ella In London.""","Granz, Norman (1918-2001)",,,long-playing records; jazz; vocalist; record covers,Pablo Records,"Los Angeles, CA",34.0520261,-118.2799282,University of Idaho Library IJC MG 4 Ella Fitzgerald Collection,ijcmg004_b001-018,Image;StillImage,Record cover,application/pdf,Ella Fitzgerald Collection,University of Idaho Special Collections and Archives,eng,"Educational use only. Educational use includes non-commercial use of text and images in materials for teaching and research purposes. Digital reproduction rights granted by the University of Idaho Library. For other uses beyond free use, please contact the University of Idaho Library Special Collections and Archives Department at libspec@uidaho.edu.",http://rightsstatements.org/vocab/InC-EDU/1.0/,pdf,https://objects.lib.uidaho.edu/ella-fitzgerald/ijcmg004_b001-018.pdf,https://objects.lib.uidaho.edu/ella-fitzgerald/small/ijcmg004_b001-018_sm.jpg,https://objects.lib.uidaho.edu/ella-fitzgerald/thumbs/ijcmg004_b001-018_th.jpg
fitzgerald0031,,ijcmg004_b001-020.jpg,Award to Ella Fitzgerald from the National Tuberculosis Association ,Award from the National Tuberculosis Assocaion to Ella Fitzgerald for outstanding participation.,National Tuberculosis Association,,,award plaque; tuberculosis; awards;,,,,,University of Idaho Library IJC MG 4 Ella Fitzgerald Collection,ijcmg004_b001-020,Image;StillImage,Plaque,image/jpeg,Ella Fitzgerald Collection,University of Idaho Special Collections and Archives,eng,"Educational use only. Educational use includes non-commercial use of text and images in materials for teaching and research purposes. Digital reproduction rights granted by the University of Idaho Library. For other uses beyond free use, please contact the University of Idaho Library Special Collections and Archives Department at libspec@uidaho.edu.",http://rightsstatements.org/vocab/InC-EDU/1.0/,image,https://objects.lib.uidaho.edu/ella-fitzgerald/ijcmg004_b001-020.jpg,https://objects.lib.uidaho.edu/ella-fitzgerald/small/ijcmg004_b001-020_sm.jpg,https://objects.lib.uidaho.edu/ella-fitzgerald/thumbs/ijcmg004_b001-020_th.jpg
fitzgerald0032,,ijcmg004_b001-021.jpg,"Ella Fitzgerald's Honorary Columbian Citizen Certificate (Columbia, South Carolina)",Ella Fitzgerald's Cirtificate of Citizenship to the City of Columbia in South Carolina.,"Finlay, Kirkman (1936-1993)",1981-10-22,,certificates; citizenship certificate; ,,,,,University of Idaho Library IJC MG 4 Ella Fitzgerald Collection,ijcmg004_b001-021,Image;StillImage,Plaque,image/jpeg,Ella Fitzgerald Collection,University of Idaho Special Collections and Archives,eng,"Educational use only. Educational use includes non-commercial use of text and images in materials for teaching and research purposes. Digital reproduction rights granted by the University of Idaho Library. For other uses beyond free use, please contact the University of Idaho Library Special Collections and Archives Department at libspec@uidaho.edu.",http://rightsstatements.org/vocab/InC-EDU/1.0/,image,https://objects.lib.uidaho.edu/ella-fitzgerald/ijcmg004_b001-021.jpg,https://objects.lib.uidaho.edu/ella-fitzgerald/small/ijcmg004_b001-021_sm.jpg,https://objects.lib.uidaho.edu/ella-fitzgerald/thumbs/ijcmg004_b001-021_th.jpg
fitzgerald0033,,ijcmg004_b005-001a.jpg,Ella Fitzgerald's aquamarine high-heeled shoes,"Vogue House Aqua Marine Shoes by Ansonia, owned by Ella Fitzgerald",Ansonia,,,heels; clothing; fashion (culture-related concept),,,,,University of Idaho Library IJC MG 4 Ella Fitzgerald Collection,ijcmg004_b005-001a,Image;StillImage,Clothing,image/jpeg,Ella Fitzgerald Collection,University of Idaho Special Collections and Archives,eng,"Educational use only. Educational use includes non-commercial use of text and images in materials for teaching and research purposes. Digital reproduction rights granted by the University of Idaho Library. For other uses beyond free use, please contact the University of Idaho Library Special Collections and Archives Department at libspec@uidaho.edu.",http://rightsstatements.org/vocab/InC-EDU/1.0/,multiple,https://objects.lib.uidaho.edu/ella-fitzgerald/ijcmg004_b005-001a.jpg,https://objects.lib.uidaho.edu/ella-fitzgerald/small/ijcmg004_b005-001a_sm.jpg,https://objects.lib.uidaho.edu/ella-fitzgerald/thumbs/ijcmg004_b005-001a_th.jpg
fitzgerald0033a,fitzgerald0033,ijcmg004_b005-001a.jpg,Ella Fitzgerald's aquamarine high-heeled shoes,"Vogue House Aqua Marine Shoes by Ansonia, owned by Ella Fitzgerald",Ansonia,,,heels; clothing; fashion (culture-related concept),,,,,University of Idaho Library IJC MG 4 Ella Fitzgerald Collection,ijcmg004_b005-001a,Image;StillImage,Clothing,image/jpeg,Ella Fitzgerald Collection,University of Idaho Special Collections and Archives,eng,"Educational use only. Educational use includes non-commercial use of text and images in materials for teaching and research purposes. Digital reproduction rights granted by the University of Idaho Library. For other uses beyond free use, please contact the University of Idaho Library Special Collections and Archives Department at libspec@uidaho.edu.",http://rightsstatements.org/vocab/InC-EDU/1.0/,image,https://objects.lib.uidaho.edu/ella-fitzgerald/ijcmg004_b005-001a.jpg,https://objects.lib.uidaho.edu/ella-fitzgerald/small/ijcmg004_b005-001a_sm.jpg,https://objects.lib.uidaho.edu/ella-fitzgerald/thumbs/ijcmg004_b005-001a_th.jpg
fitzgerald0033b,fitzgerald0033,ijcmg004_b005-001b.jpg,,,,,,,,,,,,ijcmg004_b005-001b,Image;StillImage,,image/jpeg,,,,,,,https://objects.lib.uidaho.edu/ella-fitzgerald/ijcmg004_b005-001b.jpg,https://objects.lib.uidaho.edu/ella-fitzgerald/small/ijcmg004_b005-001b_sm.jpg,https://objects.lib.uidaho.edu/ella-fitzgerald/thumbs/ijcmg004_b005-001b_th.jpg
fitzgerald0033c,fitzgerald0033,ijcmg004_b005-001c.jpg,,,,,,,,,,,,ijcmg004_b005-001c,Image;StillImage,,image/jpeg,,,,,,,https://objects.lib.uidaho.edu/ella-fitzgerald/ijcmg004_b005-001c.jpg,https://objects.lib.uidaho.edu/ella-fitzgerald/small/ijcmg004_b005-001c_sm.jpg,https://objects.lib.uidaho.edu/ella-fitzgerald/thumbs/ijcmg004_b005-001c_th.jpg
fitzgerald0033d,fitzgerald0033,ijcmg004_b005-001d.jpg,,,,,,,,,,,,ijcmg004_b005-001d,Image;StillImage,,image/jpeg,,,,,,,https://objects.lib.uidaho.edu/ella-fitzgerald/ijcmg004_b005-001d.jpg,https://objects.lib.uidaho.edu/ella-fitzgerald/small/ijcmg004_b005-001d_sm.jpg,https://objects.lib.uidaho.edu/ella-fitzgerald/thumbs/ijcmg004_b005-001d_th.jpg
fitzgerald0034,,ijcmg004_b005-002a.jpg,Ella Fitzgerald's gold necklace with pendant,Intricate gold necklace with roses on pendant.,,,,necklaces; jewelry; gold (color); fashion (culture-related concept),,,,,University of Idaho Library IJC MG 4 Ella Fitzgerald Collection,ijcmg004_b005-002a,Image;StillImage,Clothing,image/jpeg,Ella Fitzgerald Collection,University of Idaho Special Collections and Archives,eng,"Educational use only. Educational use includes non-commercial use of text and images in materials for teaching and research purposes. Digital reproduction rights granted by the University of Idaho Library. For other uses beyond free use, please contact the University of Idaho Library Special Collections and Archives Department at libspec@uidaho.edu.",http://rightsstatements.org/vocab/InC-EDU/1.0/,multiple,https://www.lib.uidaho.edu/digital/objects/ella-fitzgerald/ijcmg004_b005-002a.jpg,https://www.lib.uidaho.edu/digital/objects/ella-fitzgerald/small/ijcmg004_b005-002a_sm.jpg,https://www.lib.uidaho.edu/digital/objects/ella-fitzgerald/thumbs/ijcmg004_b005-002a_th.jpg
fitzgerald0034a,fitzgerald0034,ijcmg004_b005-002a.jpg,Ella Fitzgerald's gold necklace with pendant,Intricate gold necklace with roses on pendant.,,,,necklaces; jewelry; gold (color); fashion (culture-related concept),,,,,University of Idaho Library IJC MG 4 Ella Fitzgerald Collection,ijcmg004_b005-002a,Image;StillImage,Clothing,image/jpeg,Ella Fitzgerald Collection,University of Idaho Special Collections and Archives,eng,"Educational use only. Educational use includes non-commercial use of text and images in materials for teaching and research purposes. Digital reproduction rights granted by the University of Idaho Library. For other uses beyond free use, please contact the University of Idaho Library Special Collections and Archives Department at libspec@uidaho.edu.",http://rightsstatements.org/vocab/InC-EDU/1.0/,image,https://www.lib.uidaho.edu/digital/objects/ella-fitzgerald/ijcmg004_b005-002a.jpg,https://www.lib.uidaho.edu/digital/objects/ella-fitzgerald/small/ijcmg004_b005-002a_sm.jpg,https://www.lib.uidaho.edu/digital/objects/ella-fitzgerald/thumbs/ijcmg004_b005-002a_th.jpg
fitzgerald0034b,fitzgerald0034,ijcmg004_b005-002b.jpg,,,,,,,,,,,,ijcmg004_b005-002b,Image;StillImage,,image/jpeg,,,,,,,https://www.lib.uidaho.edu/digital/objects/ella-fitzgerald/ijcmg004_b005-002b.jpg,https://www.lib.uidaho.edu/digital/objects/ella-fitzgerald/small/ijcmg004_b005-002b_sm.jpg,https://www.lib.uidaho.edu/digital/objects/ella-fitzgerald/thumbs/ijcmg004_b005-002b_th.jpg
fitzgerald0034c,fitzgerald0034,ijcmg004_b005-002c.jpg,,,,,,,,,,,,ijcmg004_b005-002c,Image;StillImage,,image/jpeg,,,,,,,https://www.lib.uidaho.edu/digital/objects/ella-fitzgerald/ijcmg004_b005-002c.jpg,https://www.lib.uidaho.edu/digital/objects/ella-fitzgerald/small/ijcmg004_b005-002c_sm.jpg,https://www.lib.uidaho.edu/digital/objects/ella-fitzgerald/thumbs/ijcmg004_b005-002c_th.jpg
fitzgerald0034d,fitzgerald0034,ijcmg004_b005-002d.jpg,,,,,,,,,,,,ijcmg004_b005-002d,Image;StillImage,,image/jpeg,,,,,,,https://www.lib.uidaho.edu/digital/objects/ella-fitzgerald/ijcmg004_b005-002d.jpg,https://www.lib.uidaho.edu/digital/objects/ella-fitzgerald/small/ijcmg004_b005-002d_sm.jpg,https://www.lib.uidaho.edu/digital/objects/ella-fitzgerald/thumbs/ijcmg004_b005-002d_th.jpg
fitzgerald0035,,ijcmg004_b005-003a.jpg,Ella Fitzgerald's glasses and glasses case,Shiny brown eye glasses with no lenses and white case.,,,,eyeglasses; eyeglass case; fashion (culture-related concept),,,,,University of Idaho Library IJC MG 4 Ella Fitzgerald Collection,ijcmg004_b005-003a,Image;StillImage,Clothing,image/jpeg,Ella Fitzgerald Collection,University of Idaho Special Collections and Archives,eng,"Educational use only. Educational use includes non-commercial use of text and images in materials for teaching and research purposes. Digital reproduction rights granted by the University of Idaho Library. For other uses beyond free use, please contact the University of Idaho Library Special Collections and Archives Department at libspec@uidaho.edu.",http://rightsstatements.org/vocab/InC-EDU/1.0/,multiple,https://objects.lib.uidaho.edu/ella-fitzgerald/ijcmg004_b005-003a.jpg,https://objects.lib.uidaho.edu/ella-fitzgerald/small/ijcmg004_b005-003a_sm.jpg,https://objects.lib.uidaho.edu/ella-fitzgerald/thumbs/ijcmg004_b005-003a_th.jpg
fitzgerald0035a,fitzgerald0035,ijcmg004_b005-003a.jpg,Ella Fitzgerald's glasses and glasses case,Shiny brown eye glasses with no lenses and white case.,,,,eyeglasses; eyeglass case; fashion (culture-related concept),,,,,University of Idaho Library IJC MG 4 Ella Fitzgerald Collection,ijcmg004_b005-003a,Image;StillImage,Clothing,image/jpeg,Ella Fitzgerald Collection,University of Idaho Special Collections and Archives,eng,"Educational use only. Educational use includes non-commercial use of text and images in materials for teaching and research purposes. Digital reproduction rights granted by the University of Idaho Library. For other uses beyond free use, please contact the University of Idaho Library Special Collections and Archives Department at libspec@uidaho.edu.",http://rightsstatements.org/vocab/InC-EDU/1.0/,image,https://objects.lib.uidaho.edu/ella-fitzgerald/ijcmg004_b005-003a.jpg,https://objects.lib.uidaho.edu/ella-fitzgerald/small/ijcmg004_b005-003a_sm.jpg,https://objects.lib.uidaho.edu/ella-fitzgerald/thumbs/ijcmg004_b005-003a_th.jpg
fitzgerald0035b,fitzgerald0035,ijcmg004_b005-003b.jpg,,,,,,,,,,,,ijcmg004_b005-003b,Image;StillImage,,image/jpeg,,,,,,,https://objects.lib.uidaho.edu/ella-fitzgerald/ijcmg004_b005-003b.jpg,https://objects.lib.uidaho.edu/ella-fitzgerald/small/ijcmg004_b005-003b_sm.jpg,https://objects.lib.uidaho.edu/ella-fitzgerald/thumbs/ijcmg004_b005-003b_th.jpg
fitzgerald0035c,fitzgerald0035,ijcmg004_b005-003c.jpg,,,,,,,,,,,,ijcmg004_b005-003c,Image;StillImage,,image/jpeg,,,,,,,https://objects.lib.uidaho.edu/ella-fitzgerald/ijcmg004_b005-003c.jpg,https://objects.lib.uidaho.edu/ella-fitzgerald/small/ijcmg004_b005-003c_sm.jpg,https://objects.lib.uidaho.edu/ella-fitzgerald/thumbs/ijcmg004_b005-003c_th.jpg
fitzgerald0035d,fitzgerald0035,ijcmg004_b005-003d.jpg,,,,,,,,,,,,ijcmg004_b005-003d,Image;StillImage,,image/jpeg,,,,,,,https://objects.lib.uidaho.edu/ella-fitzgerald/ijcmg004_b005-003d.jpg,https://objects.lib.uidaho.edu/ella-fitzgerald/small/ijcmg004_b005-003d_sm.jpg,https://objects.lib.uidaho.edu/ella-fitzgerald/thumbs/ijcmg004_b005-003d_th.jpg
fitzgerald0035e,fitzgerald0035,ijcmg004_b005-003e.jpg,,,,,,,,,,,,ijcmg004_b005-003e,Image;StillImage,,image/jpeg,,,,,,,https://objects.lib.uidaho.edu/ella-fitzgerald/ijcmg004_b005-003e.jpg,https://objects.lib.uidaho.edu/ella-fitzgerald/small/ijcmg004_b005-003e_sm.jpg,https://objects.lib.uidaho.edu/ella-fitzgerald/thumbs/ijcmg004_b005-003e_th.jpg
fitzgerald0036,,ijcmg004_b003-001a.jpg,Ella Fitzgerald's Classico Sevillano hat,Black Classico Sevillano hat.,La Perla Filipina ,,,hats; milliner; fashion (culture-related concept),,,,,University of Idaho Library IJC MG 4 Ella Fitzgerald Collection,ijcmg004_b003-001a,Image;StillImage,Clothing,image/jpeg,Ella Fitzgerald Collection,University of Idaho Special Collections and Archives,eng,"Educational use only. Educational use includes non-commercial use of text and images in materials for teaching and research purposes. Digital reproduction rights granted by the University of Idaho Library. For other uses beyond free use, please contact the University of Idaho Library Special Collections and Archives Department at libspec@uidaho.edu.",http://rightsstatements.org/vocab/InC-EDU/1.0/,multiple,https://objects.lib.uidaho.edu/ella-fitzgerald/ijcmg004_b003-001a.jpg,https://objects.lib.uidaho.edu/ella-fitzgerald/small/ijcmg004_b003-001a_sm.jpg,https://objects.lib.uidaho.edu/ella-fitzgerald/thumbs/ijcmg004_b003-001a_th.jpg
fitzgerald0036a,fitzgerald0036,ijcmg004_b003-001a.jpg,Ella Fitzgerald's Classico Sevillano hat,Black Classico Sevillano hat.,La Perla Filipina ,,,hats; milliner; fashion (culture-related concept),,,,,University of Idaho Library IJC MG 4 Ella Fitzgerald Collection,ijcmg004_b003-001a,Image;StillImage,Clothing,image/jpeg,Ella Fitzgerald Collection,University of Idaho Special Collections and Archives,eng,"Educational use only. Educational use includes non-commercial use of text and images in materials for teaching and research purposes. Digital reproduction rights granted by the University of Idaho Library. For other uses beyond free use, please contact the University of Idaho Library Special Collections and Archives Department at libspec@uidaho.edu.",http://rightsstatements.org/vocab/InC-EDU/1.0/,image,https://objects.lib.uidaho.edu/ella-fitzgerald/ijcmg004_b003-001a.jpg,https://objects.lib.uidaho.edu/ella-fitzgerald/small/ijcmg004_b003-001a_sm.jpg,https://objects.lib.uidaho.edu/ella-fitzgerald/thumbs/ijcmg004_b003-001a_th.jpg
fitzgerald0036b,fitzgerald0036,ijcmg004_b003-001b.jpg,,,,,,,,,,,,ijcmg004_b003-001b,Image;StillImage,,image/jpeg,,,,,,,https://objects.lib.uidaho.edu/ella-fitzgerald/ijcmg004_b003-001b.jpg,https://objects.lib.uidaho.edu/ella-fitzgerald/small/ijcmg004_b003-001b_sm.jpg,https://objects.lib.uidaho.edu/ella-fitzgerald/thumbs/ijcmg004_b003-001b_th.jpg
fitzgerald0036c,fitzgerald0036,ijcmg004_b003-001c.jpg,,,,,,,,,,,,ijcmg004_b003-001c,Image;StillImage,,image/jpeg,,,,,,,https://objects.lib.uidaho.edu/ella-fitzgerald/ijcmg004_b003-001c.jpg,https://objects.lib.uidaho.edu/ella-fitzgerald/small/ijcmg004_b003-001c_sm.jpg,https://objects.lib.uidaho.edu/ella-fitzgerald/thumbs/ijcmg004_b003-001c_th.jpg
fitzgerald0036d,fitzgerald0036,ijcmg004_b003-001d.jpg,,,,,,,,,,,,ijcmg004_b003-001d,Image;StillImage,,image/jpeg,,,,,,,https://objects.lib.uidaho.edu/ella-fitzgerald/ijcmg004_b003-001d.jpg,https://objects.lib.uidaho.edu/ella-fitzgerald/small/ijcmg004_b003-001d_sm.jpg,https://objects.lib.uidaho.edu/ella-fitzgerald/thumbs/ijcmg004_b003-001d_th.jpg
fitzgerald0037,,ijcmg004_b003-002a.jpg,Ella fitzgerald's wide-brimmed hat and pin,Black medium pile faux fur wide brimmed hat with black hat pin.,"Emme, Inc. ",,,hats; milliner; imitation fur; faux fur; hatpins; fashion (culture-related concept),,,,,University of Idaho Library IJC MG 4 Ella Fitzgerald Collection,ijcmg004_b003-002a,Image;StillImage,Clothing,image/jpeg,Ella Fitzgerald Collection,University of Idaho Special Collections and Archives,eng,"Educational use only. Educational use includes non-commercial use of text and images in materials for teaching and research purposes. Digital reproduction rights granted by the University of Idaho Library. For other uses beyond free use, please contact the University of Idaho Library Special Collections and Archives Department at libspec@uidaho.edu.",http://rightsstatements.org/vocab/InC-EDU/1.0/,multiple,https://objects.lib.uidaho.edu/ella-fitzgerald/ijcmg004_b003-002a.jpg,https://objects.lib.uidaho.edu/ella-fitzgerald/small/ijcmg004_b003-002a_sm.jpg,https://objects.lib.uidaho.edu/ella-fitzgerald/thumbs/ijcmg004_b003-002a_th.jpg
fitzgerald0037a,fitzgerald0037,ijcmg004_b003-002a.jpg,Ella fitzgerald's wide-brimmed hat and pin,Black medium pile faux fur wide brimmed hat with black hat pin.,"Emme, Inc. ",,,hats; milliner; imitation fur; faux fur; hatpins; fashion (culture-related concept),,,,,University of Idaho Library IJC MG 4 Ella Fitzgerald Collection,ijcmg004_b003-002a,Image;StillImage,Clothing,image/jpeg,Ella Fitzgerald Collection,University of Idaho Special Collections and Archives,eng,"Educational use only. Educational use includes non-commercial use of text and images in materials for teaching and research purposes. Digital reproduction rights granted by the University of Idaho Library. For other uses beyond free use, please contact the University of Idaho Library Special Collections and Archives Department at libspec@uidaho.edu.",http://rightsstatements.org/vocab/InC-EDU/1.0/,image,https://objects.lib.uidaho.edu/ella-fitzgerald/ijcmg004_b003-002a.jpg,https://objects.lib.uidaho.edu/ella-fitzgerald/small/ijcmg004_b003-002a_sm.jpg,https://objects.lib.uidaho.edu/ella-fitzgerald/thumbs/ijcmg004_b003-002a_th.jpg
fitzgerald0037b,fitzgerald0037,ijcmg004_b003-002b.jpg,,,,,,,,,,,,ijcmg004_b003-002b,Image;StillImage,,image/jpeg,,,,,,,https://objects.lib.uidaho.edu/ella-fitzgerald/ijcmg004_b003-002b.jpg,https://objects.lib.uidaho.edu/ella-fitzgerald/small/ijcmg004_b003-002b_sm.jpg,https://objects.lib.uidaho.edu/ella-fitzgerald/thumbs/ijcmg004_b003-002b_th.jpg
fitzgerald0037c,fitzgerald0037,ijcmg004_b003-002c.jpg,,,,,,,,,,,,ijcmg004_b003-002c,Image;StillImage,,image/jpeg,,,,,,,https://objects.lib.uidaho.edu/ella-fitzgerald/ijcmg004_b003-002c.jpg,https://objects.lib.uidaho.edu/ella-fitzgerald/small/ijcmg004_b003-002c_sm.jpg,https://objects.lib.uidaho.edu/ella-fitzgerald/thumbs/ijcmg004_b003-002c_th.jpg
fitzgerald0037d,fitzgerald0037,ijcmg004_b003-002d.jpg,,,,,,,,,,,,ijcmg004_b003-002d,Image;StillImage,,image/jpeg,,,,,,,https://objects.lib.uidaho.edu/ella-fitzgerald/ijcmg004_b003-002d.jpg,https://objects.lib.uidaho.edu/ella-fitzgerald/small/ijcmg004_b003-002d_sm.jpg,https://objects.lib.uidaho.edu/ella-fitzgerald/thumbs/ijcmg004_b003-002d_th.jpg
fitzgerald0037e,fitzgerald0037,ijcmg004_b003-002e.jpg,,,,,,,,,,,,ijcmg004_b003-002e,Image;StillImage,,image/jpeg,,,,,,,https://objects.lib.uidaho.edu/ella-fitzgerald/ijcmg004_b003-002e.jpg,https://objects.lib.uidaho.edu/ella-fitzgerald/small/ijcmg004_b003-002e_sm.jpg,https://objects.lib.uidaho.edu/ella-fitzgerald/thumbs/ijcmg004_b003-002e_th.jpg
fitzgerald0037f,fitzgerald0037,ijcmg004_b003-002f.jpg,,,,,,,,,,,,ijcmg004_b003-002f,Image;StillImage,,image/jpeg,,,,,,,https://objects.lib.uidaho.edu/ella-fitzgerald/ijcmg004_b003-002f.jpg,https://objects.lib.uidaho.edu/ella-fitzgerald/small/ijcmg004_b003-002f_sm.jpg,https://objects.lib.uidaho.edu/ella-fitzgerald/thumbs/ijcmg004_b003-002f_th.jpg
fitzgerald0038,,ijcmg004_b002-001a.jpg,Ella Fitzgerald's pillbox hat,Navy blue and cream pillbox hat.,"Lucas Jr., Otto (1903-1971)",,,hats; milliner; pillbox hatl; fashion (culture-related concept),,,,,University of Idaho Library IJC MG 4 Ella Fitzgerald Collection,ijcmg004_b002-001a,Image;StillImage,Clothing,image/jpeg,Ella Fitzgerald Collection,University of Idaho Special Collections and Archives,eng,"Educational use only. Educational use includes non-commercial use of text and images in materials for teaching and research purposes. Digital reproduction rights granted by the University of Idaho Library. For other uses beyond free use, please contact the University of Idaho Library Special Collections and Archives Department at libspec@uidaho.edu.",http://rightsstatements.org/vocab/InC-EDU/1.0/,multiple,https://objects.lib.uidaho.edu/ella-fitzgerald/ijcmg004_b002-001a.jpg,https://objects.lib.uidaho.edu/ella-fitzgerald/small/ijcmg004_b002-001a_sm.jpg,https://objects.lib.uidaho.edu/ella-fitzgerald/thumbs/ijcmg004_b002-001a_th.jpg
fitzgerald0038a,fitzgerald0038,ijcmg004_b002-001a.jpg,Ella Fitzgerald's pillbox hat,Navy blue and cream pillbox hat.,"Lucas Jr., Otto (1903-1971)",,,hats; milliner; pillbox hatl; fashion (culture-related concept),,,,,University of Idaho Library IJC MG 4 Ella Fitzgerald Collection,ijcmg004_b002-001a,Image;StillImage,Clothing,image/jpeg,Ella Fitzgerald Collection,University of Idaho Special Collections and Archives,eng,"Educational use only. Educational use includes non-commercial use of text and images in materials for teaching and research purposes. Digital reproduction rights granted by the University of Idaho Library. For other uses beyond free use, please contact the University of Idaho Library Special Collections and Archives Department at libspec@uidaho.edu.",http://rightsstatements.org/vocab/InC-EDU/1.0/,image,https://objects.lib.uidaho.edu/ella-fitzgerald/ijcmg004_b002-001a.jpg,https://objects.lib.uidaho.edu/ella-fitzgerald/small/ijcmg004_b002-001a_sm.jpg,https://objects.lib.uidaho.edu/ella-fitzgerald/thumbs/ijcmg004_b002-001a_th.jpg
fitzgerald0038b,fitzgerald0038,ijcmg004_b002-001b.jpg,,,,,,,,,,,,ijcmg004_b002-001b,Image;StillImage,,image/jpeg,,,,,,,https://objects.lib.uidaho.edu/ella-fitzgerald/ijcmg004_b002-001b.jpg,https://objects.lib.uidaho.edu/ella-fitzgerald/small/ijcmg004_b002-001b_sm.jpg,https://objects.lib.uidaho.edu/ella-fitzgerald/thumbs/ijcmg004_b002-001b_th.jpg
fitzgerald0038c,fitzgerald0038,ijcmg004_b002-001c.jpg,,,,,,,,,,,,ijcmg004_b002-001c,Image;StillImage,,image/jpeg,,,,,,,https://objects.lib.uidaho.edu/ella-fitzgerald/ijcmg004_b002-001c.jpg,https://objects.lib.uidaho.edu/ella-fitzgerald/small/ijcmg004_b002-001c_sm.jpg,https://objects.lib.uidaho.edu/ella-fitzgerald/thumbs/ijcmg004_b002-001c_th.jpg
fitzgerald0038d,fitzgerald0038,ijcmg004_b002-001d.jpg,,,,,,,,,,,,ijcmg004_b002-001d,Image;StillImage,,image/jpeg,,,,,,,https://objects.lib.uidaho.edu/ella-fitzgerald/ijcmg004_b002-001d.jpg,https://objects.lib.uidaho.edu/ella-fitzgerald/small/ijcmg004_b002-001d_sm.jpg,https://objects.lib.uidaho.edu/ella-fitzgerald/thumbs/ijcmg004_b002-001d_th.jpg
fitzgerald0038e,fitzgerald0038,ijcmg004_b002-001e.jpg,,,,,,,,,,,,ijcmg004_b002-001e,Image;StillImage,,image/jpeg,,,,,,,https://objects.lib.uidaho.edu/ella-fitzgerald/ijcmg004_b002-001e.jpg,https://objects.lib.uidaho.edu/ella-fitzgerald/small/ijcmg004_b002-001e_sm.jpg,https://objects.lib.uidaho.edu/ella-fitzgerald/thumbs/ijcmg004_b002-001e_th.jpg
fitzgerald0039,,ijcmg004_b002-002a.jpg,Ella Fitzgerald's wide-brimmed organza hat ,Cream wide brimmed organza hat. ,Rex Inc. ,,,hats; milliner; organza; fashion (culture-related concept),,,,,University of Idaho Library IJC MG 4 Ella Fitzgerald Collection,ijcmg004_b002-002a,Image;StillImage,Clothing,image/jpeg,Ella Fitzgerald Collection,University of Idaho Special Collections and Archives,eng,"Educational use only. Educational use includes non-commercial use of text and images in materials for teaching and research purposes. Digital reproduction rights granted by the University of Idaho Library. For other uses beyond free use, please contact the University of Idaho Library Special Collections and Archives Department at libspec@uidaho.edu.",http://rightsstatements.org/vocab/InC-EDU/1.0/,multiple,https://objects.lib.uidaho.edu/ella-fitzgerald/ijcmg004_b002-002a.jpg,https://objects.lib.uidaho.edu/ella-fitzgerald/small/ijcmg004_b002-002a_sm.jpg,https://objects.lib.uidaho.edu/ella-fitzgerald/thumbs/ijcmg004_b002-002a_th.jpg
fitzgerald0039a,fitzgerald0039,ijcmg004_b002-002a.jpg,Ella Fitzgerald's wide-brimmed organza hat ,Cream wide brimmed organza hat. ,Rex Inc. ,,,hats; milliner; organza; fashion (culture-related concept),,,,,University of Idaho Library IJC MG 4 Ella Fitzgerald Collection,ijcmg004_b002-002a,Image;StillImage,Clothing,image/jpeg,Ella Fitzgerald Collection,University of Idaho Special Collections and Archives,eng,"Educational use only. Educational use includes non-commercial use of text and images in materials for teaching and research purposes. Digital reproduction rights granted by the University of Idaho Library. For other uses beyond free use, please contact the University of Idaho Library Special Collections and Archives Department at libspec@uidaho.edu.",http://rightsstatements.org/vocab/InC-EDU/1.0/,image,https://objects.lib.uidaho.edu/ella-fitzgerald/ijcmg004_b002-002a.jpg,https://objects.lib.uidaho.edu/ella-fitzgerald/small/ijcmg004_b002-002a_sm.jpg,https://objects.lib.uidaho.edu/ella-fitzgerald/thumbs/ijcmg004_b002-002a_th.jpg
fitzgerald0039b,fitzgerald0039,ijcmg004_b002-002b.jpg,,,,,,,,,,,,ijcmg004_b002-002b,Image;StillImage,,image/jpeg,,,,,,,https://objects.lib.uidaho.edu/ella-fitzgerald/ijcmg004_b002-002b.jpg,https://objects.lib.uidaho.edu/ella-fitzgerald/small/ijcmg004_b002-002b_sm.jpg,https://objects.lib.uidaho.edu/ella-fitzgerald/thumbs/ijcmg004_b002-002b_th.jpg
fitzgerald0039c,fitzgerald0039,ijcmg004_b002-002c.jpg,,,,,,,,,,,,ijcmg004_b002-002c,Image;StillImage,,image/jpeg,,,,,,,https://objects.lib.uidaho.edu/ella-fitzgerald/ijcmg004_b002-002c.jpg,https://objects.lib.uidaho.edu/ella-fitzgerald/small/ijcmg004_b002-002c_sm.jpg,https://objects.lib.uidaho.edu/ella-fitzgerald/thumbs/ijcmg004_b002-002c_th.jpg
fitzgerald0039d,fitzgerald0039,ijcmg004_b002-002d.jpg,,,,,,,,,,,,ijcmg004_b002-002d,Image;StillImage,,image/jpeg,,,,,,,https://objects.lib.uidaho.edu/ella-fitzgerald/ijcmg004_b002-002d.jpg,https://objects.lib.uidaho.edu/ella-fitzgerald/small/ijcmg004_b002-002d_sm.jpg,https://objects.lib.uidaho.edu/ella-fitzgerald/thumbs/ijcmg004_b002-002d_th.jpg
fitzgerald0039e,fitzgerald0039,ijcmg004_b002-002e.jpg,,,,,,,,,,,,ijcmg004_b002-002e,Image;StillImage,,image/jpeg,,,,,,,https://objects.lib.uidaho.edu/ella-fitzgerald/ijcmg004_b002-002e.jpg,https://objects.lib.uidaho.edu/ella-fitzgerald/small/ijcmg004_b002-002e_sm.jpg,https://objects.lib.uidaho.edu/ella-fitzgerald/thumbs/ijcmg004_b002-002e_th.jpg
fitzgerald0040,,ijcmg004_b004-001a.jpg,"Ella Fitzgerald's dress, designed by Don Loper","Orange dress with green, pink, orange, and white floral details, designed by Don Loper","Loper, Don (1906-1972)",,,dresses (garments); floral patterns; fashion (culture-related concept),,,,,University of Idaho Library IJC MG 4 Ella Fitzgerald Collection,ijcmg004_b004-001a,Image;StillImage,Clothing,image/jpeg,Ella Fitzgerald Collection,University of Idaho Special Collections and Archives,eng,"Educational use only. Educational use includes non-commercial use of text and images in materials for teaching and research purposes. Digital reproduction rights granted by the University of Idaho Library. For other uses beyond free use, please contact the University of Idaho Library Special Collections and Archives Department at libspec@uidaho.edu.",http://rightsstatements.org/vocab/InC-EDU/1.0/,multiple,https://objects.lib.uidaho.edu/ella-fitzgerald/ijcmg004_b004-001a.jpg,https://objects.lib.uidaho.edu/ella-fitzgerald/small/ijcmg004_b004-001a_sm.jpg,https://objects.lib.uidaho.edu/ella-fitzgerald/thumbs/ijcmg004_b004-001a_th.jpg
fitzgerald0040a,fitzgerald0040,ijcmg004_b004-001a.jpg,"Ella Fitzgerald's dress, designed by Don Loper","Orange dress with green, pink, orange, and white floral details, designed by Don Loper","Loper, Don (1906-1972)",,,dresses (garments); floral patterns; fashion (culture-related concept),,,,,University of Idaho Library IJC MG 4 Ella Fitzgerald Collection,ijcmg004_b004-001a,Image;StillImage,Clothing,image/jpeg,Ella Fitzgerald Collection,University of Idaho Special Collections and Archives,eng,"Educational use only. Educational use includes non-commercial use of text and images in materials for teaching and research purposes. Digital reproduction rights granted by the University of Idaho Library. For other uses beyond free use, please contact the University of Idaho Library Special Collections and Archives Department at libspec@uidaho.edu.",http://rightsstatements.org/vocab/InC-EDU/1.0/,image,https://objects.lib.uidaho.edu/ella-fitzgerald/ijcmg004_b004-001a.jpg,https://objects.lib.uidaho.edu/ella-fitzgerald/small/ijcmg004_b004-001a_sm.jpg,https://objects.lib.uidaho.edu/ella-fitzgerald/thumbs/ijcmg004_b004-001a_th.jpg
fitzgerald0040b,fitzgerald0040,ijcmg004_b004-001b.jpg,,,,,,,,,,,,ijcmg004_b004-001b,Image;StillImage,,image/jpeg,,,,,,,https://objects.lib.uidaho.edu/ella-fitzgerald/ijcmg004_b004-001b.jpg,https://objects.lib.uidaho.edu/ella-fitzgerald/small/ijcmg004_b004-001b_sm.jpg,https://objects.lib.uidaho.edu/ella-fitzgerald/thumbs/ijcmg004_b004-001b_th.jpg
fitzgerald0040c,fitzgerald0040,ijcmg004_b004-001c.jpg,,,,,,,,,,,,ijcmg004_b004-001c,Image;StillImage,,image/jpeg,,,,,,,https://objects.lib.uidaho.edu/ella-fitzgerald/ijcmg004_b004-001c.jpg,https://objects.lib.uidaho.edu/ella-fitzgerald/small/ijcmg004_b004-001c_sm.jpg,https://objects.lib.uidaho.edu/ella-fitzgerald/thumbs/ijcmg004_b004-001c_th.jpg
fitzgerald0040d,fitzgerald0040,ijcmg004_b004-001d.jpg,,,,,,,,,,,,ijcmg004_b004-001d,Image;StillImage,,image/jpeg,,,,,,,https://objects.lib.uidaho.edu/ella-fitzgerald/ijcmg004_b004-001d.jpg,https://objects.lib.uidaho.edu/ella-fitzgerald/small/ijcmg004_b004-001d_sm.jpg,https://objects.lib.uidaho.edu/ella-fitzgerald/thumbs/ijcmg004_b004-001d_th.jpg
fitzgerald0040e,fitzgerald0040,ijcmg004_b004-001e.jpg,,,,,,,,,,,,ijcmg004_b004-001e,Image;StillImage,,image/jpeg,,,,,,,https://objects.lib.uidaho.edu/ella-fitzgerald/ijcmg004_b004-001e.jpg,https://objects.lib.uidaho.edu/ella-fitzgerald/small/ijcmg004_b004-001e_sm.jpg,https://objects.lib.uidaho.edu/ella-fitzgerald/thumbs/ijcmg004_b004-001e_th.jpg
fitzgerald0040f,fitzgerald0040,ijcmg004_b004-001f.jpg,,,,,,,,,,,,ijcmg004_b004-001f,Image;StillImage,,image/jpeg,,,,,,,https://objects.lib.uidaho.edu/ella-fitzgerald/ijcmg004_b004-001f.jpg,https://objects.lib.uidaho.edu/ella-fitzgerald/small/ijcmg004_b004-001f_sm.jpg,https://objects.lib.uidaho.edu/ella-fitzgerald/thumbs/ijcmg004_b004-001f_th.jpg
fitzgerald0041,,ijcma_2021-15-001-001.jpg,Ella Fitzgerald with unidentified man in front of car ,Black and white photograph of Ella and an unidentified man in front of a car ,,,,black-and-white photographs; automobiles; picture frame glass,,,,,University of Idaho Library IJC MG 4 Ella Fitzgerald Collection,ijcma_2021-15-001-001,Image;StillImage,Black & white photograph,image/jpeg,Ella Fitzgerald Collection,University of Idaho Special Collections and Archives,eng,"Educational use only. Educational use includes non-commercial use of text and images in materials for teaching and research purposes. Digital reproduction rights granted by the University of Idaho Library. For other uses beyond free use, please contact the University of Idaho Library Special Collections and Archives Department at libspec@uidaho.edu.",http://rightsstatements.org/vocab/InC-EDU/1.0/,image,https://objects.lib.uidaho.edu/ella-fitzgerald/ijcma_2021-15-001-001.jpg,https://objects.lib.uidaho.edu/ella-fitzgerald/small/ijcma_2021-15-001-001_sm.jpg,https://objects.lib.uidaho.edu/ella-fitzgerald/thumbs/ijcma_2021-15-001-001_th.jpg
fitzgerald0042,,ijcma_2021-15-001-002a.jpg,Commemorative Plaque from the Entertainment Channel,Invitation to a concert starring Ella Fitzgerald with the Nelson Riddle Orchestra in the form of a plaque from the Entertainment Channel ,The Entertainment Channel ,1981-12,,black-and-white photographs;decorative plaque,Anahein Marriot Hotel,"700 W Convention Way, Anaheim, CA 92802",33.79951346,-117.9184515,University of Idaho Library IJC MG 4 Ella Fitzgerald Collection,ijcma_2021-15-001-002a,Image;StillImage,Plaque,image/jpeg,Ella Fitzgerald Collection,University of Idaho Special Collections and Archives,eng,"Educational use only. Educational use includes non-commercial use of text and images in materials for teaching and research purposes. Digital reproduction rights granted by the University of Idaho Library. For other uses beyond free use, please contact the University of Idaho Library Special Collections and Archives Department at libspec@uidaho.edu.",http://rightsstatements.org/vocab/InC-EDU/1.0/,multiple,https://objects.lib.uidaho.edu/ella-fitzgerald/ijcma_2021-15-001-002a.jpg,https://objects.lib.uidaho.edu/ella-fitzgerald/small/ijcma_2021-15-001-002a_sm.jpg,https://objects.lib.uidaho.edu/ella-fitzgerald/thumbs/ijcma_2021-15-001-002a_th.jpg
fitzgerald0042a,fitzgerald0042,ijcma_2021-15-001-002a.jpg,Commemorative Plaque from the Entertainment Channel,Invitation to a concert starring Ella Fitzgerald with the Nelson Riddle Orchestra in the form of a plaque from the Entertainment Channel ,The Entertainment Channel ,1981-12,,black-and-white photographs;decorative plaque,Anahein Marriot Hotel,"700 W Convention Way, Anaheim, CA 92802",33.79951346,-117.9184515,University of Idaho Library IJC MG 4 Ella Fitzgerald Collection,ijcma_2021-15-001-002a,Image;StillImage,Plaque,image/jpeg,Ella Fitzgerald Collection,University of Idaho Special Collections and Archives,eng,"Educational use only. Educational use includes non-commercial use of text and images in materials for teaching and research purposes. Digital reproduction rights granted by the University of Idaho Library. For other uses beyond free use, please contact the University of Idaho Library Special Collections and Archives Department at libspec@uidaho.edu.",http://rightsstatements.org/vocab/InC-EDU/1.0/,image,https://objects.lib.uidaho.edu/ella-fitzgerald/ijcma_2021-15-001-002a.jpg,https://objects.lib.uidaho.edu/ella-fitzgerald/small/ijcma_2021-15-001-002a_sm.jpg,https://objects.lib.uidaho.edu/ella-fitzgerald/thumbs/ijcma_2021-15-001-002a_th.jpg
fitzgerald0042b,fitzgerald0042,ijcma_2021-15-001-002b.jpg,,,,,,,,,,,,ijcma_2021-15-001-002b,Image;StillImage,,image/jpeg,,,,,,,https://objects.lib.uidaho.edu/ella-fitzgerald/ijcma_2021-15-001-002b.jpg,https://objects.lib.uidaho.edu/ella-fitzgerald/small/ijcma_2021-15-001-002b_sm.jpg,https://objects.lib.uidaho.edu/ella-fitzgerald/thumbs/ijcma_2021-15-001-002b_th.jpg
fitzgerald0042c,fitzgerald0042,ijcma_2021-15-001-002c.jpg,,,,,,,,,,,,ijcma_2021-15-001-002c,Image;StillImage,,image/jpeg,,,,,,,https://objects.lib.uidaho.edu/ella-fitzgerald/ijcma_2021-15-001-002c.jpg,https://objects.lib.uidaho.edu/ella-fitzgerald/small/ijcma_2021-15-001-002c_sm.jpg,https://objects.lib.uidaho.edu/ella-fitzgerald/thumbs/ijcma_2021-15-001-002c_th.jpg
fitzgerald0042d,fitzgerald0042,ijcma_2021-15-001-002d.jpg,,,,,,,,,,,,ijcma_2021-15-001-002d,Image;StillImage,,image/jpeg,,,,,,,https://objects.lib.uidaho.edu/ella-fitzgerald/ijcma_2021-15-001-002d.jpg,https://objects.lib.uidaho.edu/ella-fitzgerald/small/ijcma_2021-15-001-002d_sm.jpg,https://objects.lib.uidaho.edu/ella-fitzgerald/thumbs/ijcma_2021-15-001-002d_th.jpg
