objectid,parentid,Title,Creator,Publisher,Date Original,Date is Approximate?,Description,Subject (LCSH),Relation,Contributing Institution,Publisher Digital,Source,Listing Code,Resource Identifier,Format Original,Format Digital,Type,Digitization Specifications,Rights,Language,Filename,OCLC number,Date created,Date modified,Reference URL,CONTENTdm number,CONTENTdm file name,CONTENTdm file path
ijc_jw_001,,Here's That Rainy Day,"Ott, Horace",,1940,y,1 Score (19 p.) + 7 parts; includes vocals,"Willaims, Joe (1918-1999); Williams, Joe--Archives; Music--Scores; Jazz--Scores;",Joe Williams Collection,International Jazz Collections,University of Idaho Library,"MG 005, Container 30, Folder 409",IJC005,JW.409,Arrangement,image/jpg,Image;StillImage,"400 dpi, 8-bit depth grayscale JPG; Minolta PS 7000 Scanner, scanned with  Adobe Photoshop CS2 version 9.0.2, Archival Master file is a TIFF","Digital image copyright 2008, The University of Idaho. All rights reserved. For more information contact Special Collections and Archives, University of Idaho Library, Moscow, Idaho 83844-2351.",English,,,2014-04-17,2014-04-17,http://cdm17254.contentdm.oclc.org/cdm/ref/collection/ijcw/id/293,293,294.cpd,/ijcw/image/294.cpd
ijc_jw_002,ijc_jw_001,Here's That Rainy Day,,,,,,,,,,,,JW.409l_Drums,,image/jpg,,,,,,,2009-08-27,2009-08-27,http://cdm17254.contentdm.oclc.org/cdm/ref/collection/ijcw/id/292,292,293.jpg,/ijcw/image/293.jpg
ijc_jw_003,ijc_jw_001,Here's That Rainy Day,,,,,,,,,,,,JW.409k_Guitar 2,,image/jpg,,,,,,,2009-08-27,2009-08-27,http://cdm17254.contentdm.oclc.org/cdm/ref/collection/ijcw/id/291,291,292.jpg,/ijcw/image/292.jpg
ijc_jw_004,ijc_jw_001,Here's That Rainy Day,,,,,,,,,,,,JW.409j_Guitar,,image/jpg,,,,,,,2009-08-27,2009-08-27,http://cdm17254.contentdm.oclc.org/cdm/ref/collection/ijcw/id/290,290,291.jpg,/ijcw/image/291.jpg
ijc_jw_005,ijc_jw_001,Here's That Rainy Day,,,,,,,,,,,,JW.409i_Guitar2 2,,image/jpg,,,,,,,2009-08-27,2009-08-27,http://cdm17254.contentdm.oclc.org/cdm/ref/collection/ijcw/id/289,289,290.jpg,/ijcw/image/290.jpg
ijc_jw_006,ijc_jw_001,Here's That Rainy Day,,,,,,,,,,,,JW.409h_Guitar2,,image/jpg,,,,,,,2009-08-27,2009-08-27,http://cdm17254.contentdm.oclc.org/cdm/ref/collection/ijcw/id/288,288,289.jpg,/ijcw/image/289.jpg
ijc_jw_007,ijc_jw_001,Here's That Rainy Day,,,,,,,,,,,,JW.409g_Guitar1 2,,image/jpg,,,,,,,2009-08-27,2009-08-27,http://cdm17254.contentdm.oclc.org/cdm/ref/collection/ijcw/id/287,287,288.jpg,/ijcw/image/288.jpg
ijc_jw_008,ijc_jw_001,Here's That Rainy Day,,,,,,,,,,,,JW.409f_Guitar1,,image/jpg,,,,,,,2009-08-27,2009-08-27,http://cdm17254.contentdm.oclc.org/cdm/ref/collection/ijcw/id/286,286,287.jpg,/ijcw/image/287.jpg
ijc_jw_009,ijc_jw_001,Here's That Rainy Day,,,,,,,,,,,,JW.409e_Fender 2,,image/jpg,,,,,,,2009-08-27,2009-08-27,http://cdm17254.contentdm.oclc.org/cdm/ref/collection/ijcw/id/285,285,286.jpg,/ijcw/image/286.jpg
ijc_jw_010,ijc_jw_001,Here's That Rainy Day,,,,,,,,,,,,JW.409d_Fender,,image/jpg,,,,,,,2009-08-27,2009-08-27,http://cdm17254.contentdm.oclc.org/cdm/ref/collection/ijcw/id/284,284,285.jpg,/ijcw/image/285.jpg
ijc_jw_011,ijc_jw_001,Here's That Rainy Day,,,,,,,,,,,,JW.409c_Piano 2,,image/jpg,,,,,,,2009-08-27,2009-08-27,http://cdm17254.contentdm.oclc.org/cdm/ref/collection/ijcw/id/283,283,284.jpg,/ijcw/image/284.jpg
ijc_jw_012,ijc_jw_001,Here's That Rainy Day,,,,,,,,,,,,JW.409b_Piano,,image/jpg,,,,,,,2009-08-27,2009-08-27,http://cdm17254.contentdm.oclc.org/cdm/ref/collection/ijcw/id/282,282,283.jpg,/ijcw/image/283.jpg
ijc_jw_013,ijc_jw_001,Here's That Rainy Day,,,,,,,,,,,,JW.409a_Vocal,,image/jpg,,,,,,,2009-08-27,2009-08-27,http://cdm17254.contentdm.oclc.org/cdm/ref/collection/ijcw/id/281,281,282.jpg,/ijcw/image/282.jpg
ijc_jw_014,,Ask Anybody,"Pleis, Jack",,1940,y,1 Score (7 p.) + 2 parts,"Willaims, Joe (1918-1999); Williams, Joe--Archives; Music--Scores; Jazz--Scores;",Joe Williams Collection,International Jazz Collections,University of Idaho Library,"MG 005, Container 28, Folder 376",IJC005,JW.376,Arrangement,image/jpg,Image;StillImage,"400 dpi, 8-bit depth grayscale JPG; Minolta PS 7000 Scanner, scanned with  Adobe Photoshop CS2 version 9.0.2, Archival Master file is a TIFF","Digital image copyright 2008, The University of Idaho. All rights reserved. For more information contact Special Collections and Archives, University of Idaho Library, Moscow, Idaho 83844-2351.",English,,,2014-04-17,2014-04-17,http://cdm17254.contentdm.oclc.org/cdm/ref/collection/ijcw/id/280,280,281.cpd,/ijcw/image/281.cpd
ijc_jw_015,ijc_jw_014,Ask Anybody,,,,,,,,,,,,JW.376d_Piano2,,image/jpg,,,,,,,2009-08-27,2009-08-27,http://cdm17254.contentdm.oclc.org/cdm/ref/collection/ijcw/id/279,279,280.jpg,/ijcw/image/280.jpg
ijc_jw_016,ijc_jw_014,Ask Anybody,,,,,,,,,,,,JW.376c_Piano,,image/jpg,,,,,,,2009-08-27,2009-08-27,http://cdm17254.contentdm.oclc.org/cdm/ref/collection/ijcw/id/278,278,279.jpg,/ijcw/image/279.jpg
ijc_jw_017,ijc_jw_014,Ask Anybody,,,,,,,,,,,,JW.376b_Bass2,,image/jpg,,,,,,,2009-08-27,2009-08-27,http://cdm17254.contentdm.oclc.org/cdm/ref/collection/ijcw/id/277,277,278.jpg,/ijcw/image/278.jpg
ijc_jw_018,ijc_jw_014,Ask Anybody,,,,,,,,,,,,JW.376a_Bass,,image/jpg,,,,,,,2009-08-27,2009-08-27,http://cdm17254.contentdm.oclc.org/cdm/ref/collection/ijcw/id/276,276,277.jpg,/ijcw/image/277.jpg
ijc_jw_019,,They Can't Take That Away from Me,"Smith, Lonnie L.",,1940,y,"2 copies; 1 score (10 p.) + 9 parts, with vocals; 1 score (2 p.) 2 parts","Willaims, Joe (1918-1999); Williams, Joe--Archives; Music--Scores; Jazz--Scores;",Joe Williams Collection,International Jazz Collections,University of Idaho Library,"MG 005, Container 24, Folder 327",IJC005,JW.327,Arrangement,image/jpg,Image;StillImage,"400 dpi, 8-bit depth grayscale JPG; Minolta PS 7000 Scanner, scanned with  Adobe Photoshop CS2 version 9.0.2, Archival Master file is a TIFF","Digital image copyright 2008, The University of Idaho. All rights reserved. For more information contact Special Collections and Archives, University of Idaho Library, Moscow, Idaho 83844-2351.",English,,,2014-04-17,2014-04-17,http://cdm17254.contentdm.oclc.org/cdm/ref/collection/ijcw/id/275,275,276.cpd,/ijcw/image/276.cpd
ijc_jw_020,ijc_jw_019,They Can't Take That Away from Me,,,,,,,,,,,,JW.327i_Drums,,image/jpg,,,,,,,2009-08-27,2009-08-27,http://cdm17254.contentdm.oclc.org/cdm/ref/collection/ijcw/id/274,274,275.jpg,/ijcw/image/275.jpg
ijc_jw_021,ijc_jw_019,They Can't Take That Away from Me,,,,,,,,,,,,JW.327h-Bass,,image/jpg,,,,,,,2009-08-27,2009-08-27,http://cdm17254.contentdm.oclc.org/cdm/ref/collection/ijcw/id/273,273,274.jpg,/ijcw/image/274.jpg
ijc_jw_022,ijc_jw_019,They Can't Take That Away from Me,,,,,,,,,,,,JW.327g_Piano,,image/jpg,,,,,,,2009-08-27,2009-08-27,http://cdm17254.contentdm.oclc.org/cdm/ref/collection/ijcw/id/272,272,273.jpg,/ijcw/image/273.jpg
ijc_jw_023,ijc_jw_019,They Can't Take That Away from Me,,,,,,,,,,,,JW.327f_Guitar,,image/jpg,,,,,,,2009-08-27,2009-08-27,http://cdm17254.contentdm.oclc.org/cdm/ref/collection/ijcw/id/271,271,272.jpg,/ijcw/image/272.jpg
ijc_jw_024,ijc_jw_019,They Can't Take That Away from Me,,,,,,,,,,,,JW.327e_Trumpet,,image/jpg,,,,,,,2009-08-27,2009-08-27,http://cdm17254.contentdm.oclc.org/cdm/ref/collection/ijcw/id/270,270,271.jpg,/ijcw/image/271.jpg
ijc_jw_025,ijc_jw_019,They Can't Take That Away from Me,,,,,,,,,,,,JW.327d_Trombone,,image/jpg,,,,,,,2009-08-27,2009-08-27,http://cdm17254.contentdm.oclc.org/cdm/ref/collection/ijcw/id/269,269,270.jpg,/ijcw/image/270.jpg
ijc_jw_026,ijc_jw_019,They Can't Take That Away from Me,,,,,,,,,,,,JW.327c_Baritone,,image/jpg,,,,,,,2009-08-27,2009-08-27,http://cdm17254.contentdm.oclc.org/cdm/ref/collection/ijcw/id/268,268,269.jpg,/ijcw/image/269.jpg
ijc_jw_027,ijc_jw_019,They Can't Take That Away from Me,,,,,,,,,,,,JW.327b_Tenor,,image/jpg,,,,,,,2009-08-27,2009-08-27,http://cdm17254.contentdm.oclc.org/cdm/ref/collection/ijcw/id/267,267,268.jpg,/ijcw/image/268.jpg
ijc_jw_028,ijc_jw_019,They Can't Take That Away from Me,,,,,,,,,,,,JW.327a_Alto,,image/jpg,,,,,,,2009-08-27,2009-08-27,http://cdm17254.contentdm.oclc.org/cdm/ref/collection/ijcw/id/266,266,267.jpg,/ijcw/image/267.jpg
ijc_jw_029,,S' Wonderful,"Larkins, E.",,1940,y,2 copies; 1 Score (13 p.) + 11 Parts; 1 Score (5 p.) + 10 Parts,"Willaims, Joe (1918-1999); Williams, Joe--Archives; Music--Scores; Jazz--Scores;",Joe Williams Collection,International Jazz Collections,University of Idaho Library,"MG 005, Container 32, Folder 445",IJC005,JW.445,Arrangement,image/jpg,Image;StillImage,"400 dpi, 8-bit depth grayscale JPG; Minolta PS 7000 Scanner, scanned with  Adobe Photoshop CS2 version 9.0.2, Archival Master file is a TIFF","Digital image copyright 2008, The University of Idaho. All rights reserved. For more information contact Special Collections and Archives, University of Idaho Library, Moscow, Idaho 83844-2351.",English,,,2014-04-17,2014-04-17,http://cdm17254.contentdm.oclc.org/cdm/ref/collection/ijcw/id/265,265,266.cpd,/ijcw/image/266.cpd
ijc_jw_030,ijc_jw_029,S' Wonderful,,,,,,,,,,,,JW.445h_Piano 3,,image/jpg,,,,,,,2009-08-27,2009-08-27,http://cdm17254.contentdm.oclc.org/cdm/ref/collection/ijcw/id/264,264,265.jpg,/ijcw/image/265.jpg
ijc_jw_031,ijc_jw_029,S' Wonderful,,,,,,,,,,,,JW.445g_Piano 2,,image/jpg,,,,,,,2009-08-27,2009-08-27,http://cdm17254.contentdm.oclc.org/cdm/ref/collection/ijcw/id/263,263,264.jpg,/ijcw/image/264.jpg
ijc_jw_032,ijc_jw_029,S' Wonderful,,,,,,,,,,,,JW.445f_Piano 1,,image/jpg,,,,,,,2009-08-27,2009-08-27,http://cdm17254.contentdm.oclc.org/cdm/ref/collection/ijcw/id/262,262,263.jpg,/ijcw/image/263.jpg
ijc_jw_033,ijc_jw_029,S' Wonderful,,,,,,,,,,,,JW.445e_Cello,,image/jpg,,,,,,,2009-08-27,2009-08-27,http://cdm17254.contentdm.oclc.org/cdm/ref/collection/ijcw/id/261,261,262.jpg,/ijcw/image/262.jpg
ijc_jw_034,ijc_jw_029,S' Wonderful,,,,,,,,,,,,JW.445d_Viola,,image/jpg,,,,,,,2009-08-27,2009-08-27,http://cdm17254.contentdm.oclc.org/cdm/ref/collection/ijcw/id/260,260,261.jpg,/ijcw/image/261.jpg
ijc_jw_035,ijc_jw_029,S' Wonderful,,,,,,,,,,,,JW.445c_Violins E-F,,image/jpg,,,,,,,2009-08-27,2009-08-27,http://cdm17254.contentdm.oclc.org/cdm/ref/collection/ijcw/id/259,259,260.jpg,/ijcw/image/260.jpg
ijc_jw_036,ijc_jw_029,S' Wonderful,,,,,,,,,,,,JW.445b_Violins C-D,,image/jpg,,,,,,,2009-08-27,2009-08-27,http://cdm17254.contentdm.oclc.org/cdm/ref/collection/ijcw/id/258,258,259.jpg,/ijcw/image/259.jpg
ijc_jw_037,ijc_jw_029,S' Wonderful,,,,,,,,,,,,JW.445a_Violins A-B,,image/jpg,,,,,,,2009-08-27,2009-08-27,http://cdm17254.contentdm.oclc.org/cdm/ref/collection/ijcw/id/257,257,258.jpg,/ijcw/image/258.jpg
ijc_jw_038,,That's What Friends,,,1940,y,2 copies; 1 Score (7 p.) + 4 parts; 1 Score (4 p.) + 2 parts,"Willaims, Joe (1918-1999); Williams, Joe--Archives; Music--Scores; Jazz--Scores;",Joe Williams Collection,International Jazz Collections,University of Idaho Library,"MG 005, Container 24, Folder 324",IJC005,JW.324,Arrangement,image/jpg,Image;StillImage,"400 dpi, 8-bit depth grayscale JPG; Minolta PS 7000 Scanner, scanned with  Adobe Photoshop CS2 version 9.0.2, Archival Master file is a TIFF","Digital image copyright 2008, The University of Idaho. All rights reserved. For more information contact Special Collections and Archives, University of Idaho Library, Moscow, Idaho 83844-2351.",English,,,2014-04-17,2014-04-17,http://cdm17254.contentdm.oclc.org/cdm/ref/collection/ijcw/id/256,256,257.cpd,/ijcw/image/257.cpd
ijc_jw_039,ijc_jw_038,That's What Friends,,,,,,,,,,,,JW.324d_Drums,,image/jpg,,,,,,,2009-08-27,2009-08-27,http://cdm17254.contentdm.oclc.org/cdm/ref/collection/ijcw/id/255,255,256.jpg,/ijcw/image/256.jpg
ijc_jw_040,ijc_jw_038,That's What Friends,,,,,,,,,,,,JW.324c_Guitar,,image/jpg,,,,,,,2009-08-27,2009-08-27,http://cdm17254.contentdm.oclc.org/cdm/ref/collection/ijcw/id/254,254,255.jpg,/ijcw/image/255.jpg
ijc_jw_041,ijc_jw_038,That's What Friends,,,,,,,,,,,,JW.324b_Bass,,image/jpg,,,,,,,2009-08-27,2009-08-27,http://cdm17254.contentdm.oclc.org/cdm/ref/collection/ijcw/id/253,253,254.jpg,/ijcw/image/254.jpg
ijc_jw_042,ijc_jw_038,That's What Friends,,,,,,,,,,,,JW.324a_Piano,,image/jpg,,,,,,,2009-08-27,2009-08-27,http://cdm17254.contentdm.oclc.org/cdm/ref/collection/ijcw/id/252,252,253.jpg,/ijcw/image/253.jpg
ijc_jw_043,,Prelude to a Kiss,"Hunter, Frank",,1940,y,1 Score (19 p.) + ? Parts; includes vocals,"Willaims, Joe (1918-1999); Williams, Joe--Archives; Music--Scores; Jazz--Scores;",Joe Williams Collection,International Jazz Collections,University of Idaho Library,"MG 005, Container 23, Folder 312",IJC005,JW.312,Arrangement,image/jpg,Image;StillImage,"400 dpi, 8-bit depth grayscale JPG; Minolta PS 7000 Scanner, scanned with  Adobe Photoshop CS2 version 9.0.2, Archival Master file is a TIFF","Digital image copyright 2008, The University of Idaho. All rights reserved. For more information contact Special Collections and Archives, University of Idaho Library, Moscow, Idaho 83844-2351.",English,,,2014-04-17,2014-04-17,http://cdm17254.contentdm.oclc.org/cdm/ref/collection/ijcw/id/251,251,252.cpd,/ijcw/image/252.cpd
ijc_jw_044,ijc_jw_043,Prelude to a Kiss,,,,,,,,,,,,JW.312i_Conductor2,,image/jpg,,,,,,,2009-08-27,2009-08-27,http://cdm17254.contentdm.oclc.org/cdm/ref/collection/ijcw/id/250,250,251.jpg,/ijcw/image/251.jpg
ijc_jw_045,ijc_jw_043,Prelude to a Kiss,,,,,,,,,,,,JW.312h_Conductor,,image/jpg,,,,,,,2009-08-27,2009-08-27,http://cdm17254.contentdm.oclc.org/cdm/ref/collection/ijcw/id/249,249,250.jpg,/ijcw/image/250.jpg
ijc_jw_046,ijc_jw_043,Prelude to a Kiss,,,,,,,,,,,,JW.312g_Bass,,image/jpg,,,,,,,2009-08-27,2009-08-27,http://cdm17254.contentdm.oclc.org/cdm/ref/collection/ijcw/id/248,248,249.jpg,/ijcw/image/249.jpg
ijc_jw_047,ijc_jw_043,Prelude to a Kiss,,,,,,,,,,,,JW.312f_Piano2,,image/jpg,,,,,,,2009-08-27,2009-08-27,http://cdm17254.contentdm.oclc.org/cdm/ref/collection/ijcw/id/247,247,248.jpg,/ijcw/image/248.jpg
ijc_jw_048,ijc_jw_043,Prelude to a Kiss,,,,,,,,,,,,JW.312e_Piano,,image/jpg,,,,,,,2009-08-27,2009-08-27,http://cdm17254.contentdm.oclc.org/cdm/ref/collection/ijcw/id/246,246,247.jpg,/ijcw/image/247.jpg
ijc_jw_049,ijc_jw_043,Prelude to a Kiss,,,,,,,,,,,,JW.312d_Vocal Group,,image/jpg,,,,,,,2009-08-27,2009-08-27,http://cdm17254.contentdm.oclc.org/cdm/ref/collection/ijcw/id/245,245,246.jpg,/ijcw/image/246.jpg
ijc_jw_050,ijc_jw_043,Prelude to a Kiss,,,,,,,,,,,,JW.312c_Violins,,image/jpg,,,,,,,2009-08-27,2009-08-27,http://cdm17254.contentdm.oclc.org/cdm/ref/collection/ijcw/id/244,244,245.jpg,/ijcw/image/245.jpg
ijc_jw_051,ijc_jw_043,Prelude to a Kiss,,,,,,,,,,,,JW.312b_Vocals2,,image/jpg,,,,,,,2009-08-27,2009-08-27,http://cdm17254.contentdm.oclc.org/cdm/ref/collection/ijcw/id/243,243,244.jpg,/ijcw/image/244.jpg
ijc_jw_052,ijc_jw_043,Prelude to a Kiss,,,,,,,,,,,,JW.312a_Vocals,,image/jpg,,,,,,,2009-08-27,2009-08-27,http://cdm17254.contentdm.oclc.org/cdm/ref/collection/ijcw/id/242,242,243.jpg,/ijcw/image/243.jpg
ijc_jw_053,,Can't Take My Eyes Off You,"Ott, Horace",,1940,y,1 score (9 p.) + 3 parts,"Willaims, Joe (1918-1999); Williams, Joe--Archives; Music--Scores; Jazz--Scores;",Joe Williams Collection,International Jazz Collections,University of Idaho Library,"MG 005, Container 15, Folder 183",IJC005,JW.183,Arrangement,image/jpg,Image;StillImage,"400 dpi, 8-bit depth grayscale JPG; Minolta PS 7000 Scanner, scanned with  Adobe Photoshop CS2 version 9.0.2, Archival Master file is a TIFF","Digital image copyright 2008, The University of Idaho. All rights reserved. For more information contact Special Collections and Archives, University of Idaho Library, Moscow, Idaho 83844-2351.",English,,,2014-04-17,2014-04-17,http://cdm17254.contentdm.oclc.org/cdm/ref/collection/ijcw/id/241,241,242.cpd,/ijcw/image/242.cpd
ijc_jw_054,ijc_jw_053,Can't Take My Eyes Off You,,,,,,,,,,,,JW.183c_Piano2,,image/jpg,,,,,,,2009-08-27,2009-08-27,http://cdm17254.contentdm.oclc.org/cdm/ref/collection/ijcw/id/240,240,241.jpg,/ijcw/image/241.jpg
ijc_jw_055,ijc_jw_053,Can't Take My Eyes Off You,,,,,,,,,,,,JW.183c_Piano1,,image/jpg,,,,,,,2009-08-27,2009-08-27,http://cdm17254.contentdm.oclc.org/cdm/ref/collection/ijcw/id/239,239,240.jpg,/ijcw/image/240.jpg
ijc_jw_056,ijc_jw_053,Can't Take My Eyes Off You,,,,,,,,,,,,JW.183b_Piano2,,image/jpg,,,,,,,2009-08-27,2009-08-27,http://cdm17254.contentdm.oclc.org/cdm/ref/collection/ijcw/id/238,238,239.jpg,/ijcw/image/239.jpg
ijc_jw_057,ijc_jw_053,Can't Take My Eyes Off You,,,,,,,,,,,,JW.183b_Piano1,,image/jpg,,,,,,,2009-08-27,2009-08-27,http://cdm17254.contentdm.oclc.org/cdm/ref/collection/ijcw/id/237,237,238.jpg,/ijcw/image/238.jpg
ijc_jw_058,ijc_jw_053,Can't Take My Eyes Off You,,,,,,,,,,,,JW.183a_Rhythm2,,image/jpg,,,,,,,2009-08-27,2009-08-27,http://cdm17254.contentdm.oclc.org/cdm/ref/collection/ijcw/id/236,236,237.jpg,/ijcw/image/237.jpg
ijc_jw_059,ijc_jw_053,Can't Take My Eyes Off You,,,,,,,,,,,,JW.183a_Rhythm1,,image/jpg,,,,,,,2009-08-27,2009-08-27,http://cdm17254.contentdm.oclc.org/cdm/ref/collection/ijcw/id/235,235,236.jpg,/ijcw/image/236.jpg
ijc_jw_060,,Autumn in New York,"Johnson, Sy",,1940,y,1 score (5 p.) + 3 parts,"Willaims, Joe (1918-1999); Williams, Joe--Archives; Music--Scores; Jazz--Scores;",Joe Williams Collection,International Jazz Collections,University of Idaho Library,"MG 005, Container 14, Folder 168",IJC005,JW.168,Arrangement,image/jpg,Image;StillImage,"400 dpi, 8-bit depth grayscale JPG; Minolta PS 7000 Scanner, scanned with  Adobe Photoshop CS2 version 9.0.2, Archival Master file is a TIFF","Digital image copyright 2008, The University of Idaho. All rights reserved. For more information contact Special Collections and Archives, University of Idaho Library, Moscow, Idaho 83844-2351.",English,,,2014-04-17,2014-04-17,http://cdm17254.contentdm.oclc.org/cdm/ref/collection/ijcw/id/234,234,235.cpd,/ijcw/image/235.cpd
ijc_jw_061,ijc_jw_060,Autumn in New York,,,,,,,,,,,,JW.168c_Drums,,image/jpg,,,,,,,2009-08-27,2009-08-27,http://cdm17254.contentdm.oclc.org/cdm/ref/collection/ijcw/id/233,233,234.jpg,/ijcw/image/234.jpg
ijc_jw_062,ijc_jw_060,Autumn in New York,,,,,,,,,,,,JW.168b_Bass,,image/jpg,,,,,,,2009-08-27,2009-08-27,http://cdm17254.contentdm.oclc.org/cdm/ref/collection/ijcw/id/232,232,233.jpg,/ijcw/image/233.jpg
ijc_jw_063,ijc_jw_060,Autumn in New York,,,,,,,,,,,,JW.168a_Piano,,image/jpg,,,,,,,2009-08-27,2009-08-27,http://cdm17254.contentdm.oclc.org/cdm/ref/collection/ijcw/id/231,231,232.jpg,/ijcw/image/232.jpg
ijc_jw_064,,Just a Lucky So & So,"Jones, Jimmy",,1940,y,1 Score (11 p.) + 4 parts,"Willaims, Joe (1918-1999); Williams, Joe--Archives; Music--Scores; Jazz--Scores;",Joe Williams Collection,International Jazz Collections,University of Idaho Library,"MG 005, Container 20, Folder 270",IJC005,JW.270,Arrangement,image/jpg,Image;StillImage,"400 dpi, 8-bit depth grayscale JPG; Minolta PS 7000 Scanner, scanned with  Adobe Photoshop CS2 version 9.0.2, Archival Master file is a TIFF","Digital image copyright 2008, The University of Idaho. All rights reserved. For more information contact Special Collections and Archives, University of Idaho Library, Moscow, Idaho 83844-2351.",English,,,2014-04-17,2014-04-17,http://cdm17254.contentdm.oclc.org/cdm/ref/collection/ijcw/id/230,230,231.cpd,/ijcw/image/231.cpd
ijc_jw_065,ijc_jw_064,Just a Lucky So & So,,,,,,,,,,,,JW.270g_Piano,,image/jpg,,,,,,,2009-08-27,2009-08-27,http://cdm17254.contentdm.oclc.org/cdm/ref/collection/ijcw/id/229,229,230.jpg,/ijcw/image/230.jpg
ijc_jw_066,ijc_jw_064,Just a Lucky So & So,,,,,,,,,,,,JW.270f_Drums,,image/jpg,,,,,,,2009-08-27,2009-08-27,http://cdm17254.contentdm.oclc.org/cdm/ref/collection/ijcw/id/228,228,229.jpg,/ijcw/image/229.jpg
ijc_jw_067,ijc_jw_064,Just a Lucky So & So,,,,,,,,,,,,JW.270e_Bass,,image/jpg,,,,,,,2009-08-27,2009-08-27,http://cdm17254.contentdm.oclc.org/cdm/ref/collection/ijcw/id/227,227,228.jpg,/ijcw/image/228.jpg
ijc_jw_068,ijc_jw_064,Just a Lucky So & So,,,,,,,,,,,,JW.270d_Conductor3,,image/jpg,,,,,,,2009-08-27,2009-08-27,http://cdm17254.contentdm.oclc.org/cdm/ref/collection/ijcw/id/226,226,227.jpg,/ijcw/image/227.jpg
ijc_jw_069,ijc_jw_064,Just a Lucky So & So,,,,,,,,,,,,JW.270c_Conductor2,,image/jpg,,,,,,,2009-08-27,2009-08-27,http://cdm17254.contentdm.oclc.org/cdm/ref/collection/ijcw/id/225,225,226.jpg,/ijcw/image/226.jpg
ijc_jw_070,ijc_jw_064,Just a Lucky So & So,,,,,,,,,,,,JW.270b_Conductor1,,image/jpg,,,,,,,2009-08-27,2009-08-27,http://cdm17254.contentdm.oclc.org/cdm/ref/collection/ijcw/id/224,224,225.jpg,/ijcw/image/225.jpg
ijc_jw_071,ijc_jw_064,Just a Lucky So & So,,,,,,,,,,,,JW.270a_Cover,,image/jpg,,,,,,,2009-08-27,2009-08-27,http://cdm17254.contentdm.oclc.org/cdm/ref/collection/ijcw/id/223,223,224.jpg,/ijcw/image/224.jpg
ijc_jw_072,,One O'Clock Jump,"Zerke, Bob",,1940,y,1 Score (8 p.) + 3 parts; includes vocals,"Willaims, Joe (1918-1999); Williams, Joe--Archives; Music--Scores; Jazz--Scores;",Joe Williams Collection,International Jazz Collections,University of Idaho Library,"MG 005, Container 22, Folder 300",IJC005,JW.300,Arrangement,image/jpg,Image;StillImage,"400 dpi, 8-bit depth grayscale JPG; Minolta PS 7000 Scanner, scanned with  Adobe Photoshop CS2 version 9.0.2, Archival Master file is a TIFF","Digital image copyright 2008, The University of Idaho. All rights reserved. For more information contact Special Collections and Archives, University of Idaho Library, Moscow, Idaho 83844-2351.",English,,,2014-04-17,2014-04-17,http://cdm17254.contentdm.oclc.org/cdm/ref/collection/ijcw/id/222,222,223.cpd,/ijcw/image/223.cpd
ijc_jw_073,ijc_jw_072,One O'Clock Jump,,,,,,,,,,,,JW.300h_Piano6,,image/jpg,,,,,,,2009-08-27,2009-08-27,http://cdm17254.contentdm.oclc.org/cdm/ref/collection/ijcw/id/221,221,222.jpg,/ijcw/image/222.jpg
ijc_jw_074,ijc_jw_072,One O'Clock Jump,,,,,,,,,,,,JW.300g_Piano5,,image/jpg,,,,,,,2009-08-27,2009-08-27,http://cdm17254.contentdm.oclc.org/cdm/ref/collection/ijcw/id/220,220,221.jpg,/ijcw/image/221.jpg
ijc_jw_075,ijc_jw_072,One O'Clock Jump,,,,,,,,,,,,JW.300f_Piano4,,image/jpg,,,,,,,2009-08-27,2009-08-27,http://cdm17254.contentdm.oclc.org/cdm/ref/collection/ijcw/id/219,219,220.jpg,/ijcw/image/220.jpg
ijc_jw_076,ijc_jw_072,One O'Clock Jump,,,,,,,,,,,,JW.300e_Piano3,,image/jpg,,,,,,,2009-08-27,2009-08-27,http://cdm17254.contentdm.oclc.org/cdm/ref/collection/ijcw/id/218,218,219.jpg,/ijcw/image/219.jpg
ijc_jw_077,ijc_jw_072,One O'Clock Jump,,,,,,,,,,,,JW.300d_Piano2,,image/jpg,,,,,,,2009-08-27,2009-08-27,http://cdm17254.contentdm.oclc.org/cdm/ref/collection/ijcw/id/217,217,218.jpg,/ijcw/image/218.jpg
ijc_jw_078,ijc_jw_072,One O'Clock Jump,,,,,,,,,,,,JW.300c_Piano1,,image/jpg,,,,,,,2009-08-27,2009-08-27,http://cdm17254.contentdm.oclc.org/cdm/ref/collection/ijcw/id/216,216,217.jpg,/ijcw/image/217.jpg
ijc_jw_079,ijc_jw_072,One O'Clock Jump,,,,,,,,,,,,JW.300b_Piano0,,image/jpg,,,,,,,2009-08-27,2009-08-27,http://cdm17254.contentdm.oclc.org/cdm/ref/collection/ijcw/id/215,215,216.jpg,/ijcw/image/216.jpg
ijc_jw_080,ijc_jw_072,One O'Clock Jump,,,,,,,,,,,,JW.300a_Vocals,,image/jpg,,,,,,,2009-08-27,2009-08-27,http://cdm17254.contentdm.oclc.org/cdm/ref/collection/ijcw/id/214,214,215.jpg,/ijcw/image/215.jpg
ijc_jw_081,,Don't Get Around Much Anymore,"Homlisch, Marvin",,1940,y,"2 copies; 1 Score (8 p.) + 6 parts; 1 Score (5 p.) 1 part, includes vocals","Willaims, Joe (1918-1999); Williams, Joe--Archives; Music--Scores; Jazz--Scores;",Joe Williams Collection,International Jazz Collections,University of Idaho Library,"MG 005, Container 29, Folder 392",IJC005,JW.392,Arrangement,image/jpg,Image;StillImage,"400 dpi, 8-bit depth grayscale JPG; Minolta PS 7000 Scanner, scanned with  Adobe Photoshop CS2 version 9.0.2, Archival Master file is a TIFF","Digital image copyright 2008, The University of Idaho. All rights reserved. For more information contact Special Collections and Archives, University of Idaho Library, Moscow, Idaho 83844-2351.",English,,,2014-04-17,2014-04-17,http://cdm17254.contentdm.oclc.org/cdm/ref/collection/ijcw/id/213,213,214.cpd,/ijcw/image/214.cpd
ijc_jw_082,ijc_jw_081,Don't Get Around Much Anymore,,,,,,,,,,,,JW.392_Front,,image/jpg,,,,,,,2009-08-27,2009-08-27,http://cdm17254.contentdm.oclc.org/cdm/ref/collection/ijcw/id/212,212,213.jpg,/ijcw/image/213.jpg
ijc_jw_083,ijc_jw_081,Don't Get Around Much Anymore,,,,,,,,,,,,JW.392_Conductor8,,image/jpg,,,,,,,2009-08-27,2009-08-27,http://cdm17254.contentdm.oclc.org/cdm/ref/collection/ijcw/id/211,211,212.jpg,/ijcw/image/212.jpg
ijc_jw_084,ijc_jw_081,Don't Get Around Much Anymore,,,,,,,,,,,,JW.392_Conductor7,,image/jpg,,,,,,,2009-08-27,2009-08-27,http://cdm17254.contentdm.oclc.org/cdm/ref/collection/ijcw/id/210,210,211.jpg,/ijcw/image/211.jpg
ijc_jw_085,ijc_jw_081,Don't Get Around Much Anymore,,,,,,,,,,,,JW.392_Conductor6,,image/jpg,,,,,,,2009-08-27,2009-08-27,http://cdm17254.contentdm.oclc.org/cdm/ref/collection/ijcw/id/209,209,210.jpg,/ijcw/image/210.jpg
ijc_jw_086,ijc_jw_081,Don't Get Around Much Anymore,,,,,,,,,,,,JW.392_Conductor5,,image/jpg,,,,,,,2009-08-27,2009-08-27,http://cdm17254.contentdm.oclc.org/cdm/ref/collection/ijcw/id/208,208,209.jpg,/ijcw/image/209.jpg
ijc_jw_087,ijc_jw_081,Don't Get Around Much Anymore,,,,,,,,,,,,JW.392_Conductor4,,image/jpg,,,,,,,2009-08-27,2009-08-27,http://cdm17254.contentdm.oclc.org/cdm/ref/collection/ijcw/id/207,207,208.jpg,/ijcw/image/208.jpg
ijc_jw_088,ijc_jw_081,Don't Get Around Much Anymore,,,,,,,,,,,,JW.392_Conductor3,,image/jpg,,,,,,,2009-08-27,2009-08-27,http://cdm17254.contentdm.oclc.org/cdm/ref/collection/ijcw/id/206,206,207.jpg,/ijcw/image/207.jpg
ijc_jw_089,ijc_jw_081,Don't Get Around Much Anymore,,,,,,,,,,,,JW.392_Conductor2,,image/jpg,,,,,,,2009-08-27,2009-08-27,http://cdm17254.contentdm.oclc.org/cdm/ref/collection/ijcw/id/205,205,206.jpg,/ijcw/image/206.jpg
ijc_jw_090,ijc_jw_081,Don't Get Around Much Anymore,,,,,,,,,,,,JW.392_Conductor1,,image/jpg,,,,,,,2009-08-27,2009-08-27,http://cdm17254.contentdm.oclc.org/cdm/ref/collection/ijcw/id/204,204,205.jpg,/ijcw/image/205.jpg
ijc_jw_091,,I Could Care,"Jones, Thad",,1940,y,1 Score (7 p.) + 3 parts,"Willaims, Joe (1918-1999); Williams, Joe--Archives; Music--Scores; Jazz--Scores;",Joe Williams Collection,International Jazz Collections,University of Idaho Library,"MG 005, Container 30, Folder 412",IJC005,JW.412,Arrangement,image/jpg,Image;StillImage,"400 dpi, 8-bit depth grayscale JPG; Minolta PS 7000 Scanner, scanned with  Adobe Photoshop CS2 version 9.0.2, Archival Master file is a TIFF","Digital image copyright 2008, The University of Idaho. All rights reserved. For more information contact Special Collections and Archives, University of Idaho Library, Moscow, Idaho 83844-2351.",English,,,2014-04-17,2014-04-17,http://cdm17254.contentdm.oclc.org/cdm/ref/collection/ijcw/id/203,203,204.cpd,/ijcw/image/204.cpd
ijc_jw_092,ijc_jw_091,I Could Care,,,,,,,,,,,,JW.412d_Drums,,image/jpg,,,,,,,2009-08-27,2009-08-27,http://cdm17254.contentdm.oclc.org/cdm/ref/collection/ijcw/id/202,202,203.jpg,/ijcw/image/203.jpg
ijc_jw_093,ijc_jw_091,I Could Care,,,,,,,,,,,,JW.412c_Bass,,image/jpg,,,,,,,2009-08-27,2009-08-27,http://cdm17254.contentdm.oclc.org/cdm/ref/collection/ijcw/id/201,201,202.jpg,/ijcw/image/202.jpg
ijc_jw_094,ijc_jw_091,I Could Care,,,,,,,,,,,,JW.412b_Piano 2,,image/jpg,,,,,,,2009-08-27,2009-08-27,http://cdm17254.contentdm.oclc.org/cdm/ref/collection/ijcw/id/200,200,201.jpg,/ijcw/image/201.jpg
ijc_jw_095,ijc_jw_091,I Could Care,,,,,,,,,,,,JW.412a_Piano,,image/jpg,,,,,,,2009-08-27,2009-08-27,http://cdm17254.contentdm.oclc.org/cdm/ref/collection/ijcw/id/199,199,200.jpg,/ijcw/image/200.jpg
ijc_jw_096,,I'd Give a Dollar for a Dime,"Hyman, Dick",,1940,y,1 score (5 p.) + 2 parts; 1 photocopy,"Willaims, Joe (1918-1999); Williams, Joe--Archives; Music--Scores; Jazz--Scores;",Joe Williams Collection,International Jazz Collections,University of Idaho Library,"MG 005, Container 19, Folder 243",IJC005,JW.243,Arrangement,image/jpg,Image;StillImage,"400 dpi, 8-bit depth grayscale JPG; Minolta PS 7000 Scanner, scanned with  Adobe Photoshop CS2 version 9.0.2, Archival Master file is a TIFF","Digital image copyright 2008, The University of Idaho. All rights reserved. For more information contact Special Collections and Archives, University of Idaho Library, Moscow, Idaho 83844-2351.",English,,,2014-04-17,2014-04-17,http://cdm17254.contentdm.oclc.org/cdm/ref/collection/ijcw/id/198,198,199.cpd,/ijcw/image/199.cpd
ijc_jw_097,ijc_jw_096,I'd Give a Dollar for a Dime,,,,,,,,,,,,JW.243_Piano2,,image/jpg,,,,,,,2009-08-27,2009-08-27,http://cdm17254.contentdm.oclc.org/cdm/ref/collection/ijcw/id/197,197,198.jpg,/ijcw/image/198.jpg
ijc_jw_098,ijc_jw_096,I'd Give a Dollar for a Dime,,,,,,,,,,,,JW.243_Piano1,,image/jpg,,,,,,,2009-08-27,2009-08-27,http://cdm17254.contentdm.oclc.org/cdm/ref/collection/ijcw/id/196,196,197.jpg,/ijcw/image/197.jpg
ijc_jw_099,,Can't Take my Eyes off You,,"Ott, Horace",1940,y,1 Score (18 p.) + 9 parts,"Willaims, Joe (1918-1999); Williams, Joe--Archives; Music--Scores; Jazz--Scores;",Joe Williams Collection,International Jazz Collections,University of Idaho Library,"MG 005, Container 34, Folder 480",IJC005,JW.480,Arrangement,image/jpg,Image;StillImage,"400 dpi, 8-bit depth grayscale JPG; Minolta PS 7000 Scanner, scanned with  Adobe Photoshop CS2 version 9.0.2, Archival Master file is a TIFF","Digital image copyright 2008, The University of Idaho. All rights reserved. For more information contact Special Collections and Archives, University of Idaho Library, Moscow, Idaho 83844-2351.",English,,,2014-04-17,2014-04-17,http://cdm17254.contentdm.oclc.org/cdm/ref/collection/ijcw/id/195,195,196.cpd,/ijcw/image/196.cpd
ijc_jw_100,ijc_jw_099,Can't Take my Eyes off You,,,,,,,,,,,,JW.480f_Trombone,,image/jpg,,,,,,,2009-08-27,2009-08-27,http://cdm17254.contentdm.oclc.org/cdm/ref/collection/ijcw/id/194,194,195.jpg,/ijcw/image/195.jpg
ijc_jw_101,ijc_jw_099,Can't Take my Eyes off You,,,,,,,,,,,,JW.480e_Trumpet 2,,image/jpg,,,,,,,2009-08-27,2009-08-27,http://cdm17254.contentdm.oclc.org/cdm/ref/collection/ijcw/id/193,193,194.jpg,/ijcw/image/194.jpg
ijc_jw_102,ijc_jw_099,Can't Take my Eyes off You,,,,,,,,,,,,JW.480d_Trumpet 1,,image/jpg,,,,,,,2009-08-27,2009-08-27,http://cdm17254.contentdm.oclc.org/cdm/ref/collection/ijcw/id/192,192,193.jpg,/ijcw/image/193.jpg
ijc_jw_103,ijc_jw_099,Can't Take my Eyes off You,,,,,,,,,,,,JW.480c_Reed 3,,image/jpg,,,,,,,2009-08-27,2009-08-27,http://cdm17254.contentdm.oclc.org/cdm/ref/collection/ijcw/id/191,191,192.jpg,/ijcw/image/192.jpg
ijc_jw_104,ijc_jw_099,Can't Take my Eyes off You,,,,,,,,,,,,JW.480b_Reed 2,,image/jpg,,,,,,,2009-08-27,2009-08-27,http://cdm17254.contentdm.oclc.org/cdm/ref/collection/ijcw/id/190,190,191.jpg,/ijcw/image/191.jpg
ijc_jw_105,ijc_jw_099,Can't Take my Eyes off You,,,,,,,,,,,,JW.480a_Reed 1,,image/jpg,,,,,,,2009-08-27,2009-08-27,http://cdm17254.contentdm.oclc.org/cdm/ref/collection/ijcw/id/189,189,190.jpg,/ijcw/image/190.jpg
ijc_jw_106,,Then I'll be Happy,"Hunter, F.",,1940,y,1 Score (6 p.) + 2 parts; Includes Vocals,"Willaims, Joe (1918-1999); Williams, Joe--Archives; Music--Scores; Jazz--Scores;",Joe Williams Collection,International Jazz Collections,University of Idaho Library,"MG 005, Container 41, Folder 575",IJC005,JW.575,Arrangement,image/jpg,Image;StillImage,"400 dpi, 8-bit depth grayscale JPG; Minolta PS 7000 Scanner, scanned with  Adobe Photoshop CS2 version 9.0.2, Archival Master file is a TIFF","Digital image copyright 2008, The University of Idaho. All rights reserved. For more information contact Special Collections and Archives, University of Idaho Library, Moscow, Idaho 83844-2351.",English,,,2014-04-17,2014-04-17,http://cdm17254.contentdm.oclc.org/cdm/ref/collection/ijcw/id/188,188,189.cpd,/ijcw/image/189.cpd
ijc_jw_107,ijc_jw_106,Then I'll be Happy,,,,,,,,,,,,JW.575c_Bass,,image/jpg,,,,,,,2009-08-27,2009-08-27,http://cdm17254.contentdm.oclc.org/cdm/ref/collection/ijcw/id/187,187,188.jpg,/ijcw/image/188.jpg
ijc_jw_108,ijc_jw_106,Then I'll be Happy,,,,,,,,,,,,JW.575b_Booth 2,,image/jpg,,,,,,,2009-08-27,2009-08-27,http://cdm17254.contentdm.oclc.org/cdm/ref/collection/ijcw/id/186,186,187.jpg,/ijcw/image/187.jpg
ijc_jw_109,ijc_jw_106,Then I'll be Happy,,,,,,,,,,,,JW.575a_Booth 1,,image/jpg,,,,,,,2009-08-27,2009-08-27,http://cdm17254.contentdm.oclc.org/cdm/ref/collection/ijcw/id/185,185,186.jpg,/ijcw/image/186.jpg
ijc_jw_110,,When?,"Jones, Thad",,1940,y,1 score (11 p.) + 11 parts,"Willaims, Joe (1918-1999); Williams, Joe--Archives; Music--Scores; Jazz--Scores;",Joe Williams Collection,International Jazz Collections,University of Idaho Library,"MG 005, Container 11, Folder 139",IJC005,JW.139,Arrangement,image/jpg,Image;StillImage,"400 dpi, 8-bit depth grayscale JPG; Minolta PS 7000 Scanner, scanned with  Adobe Photoshop CS2 version 9.0.2, Archival Master file is a TIFF","Digital image copyright 2008, The University of Idaho. All rights reserved. For more information contact Special Collections and Archives, University of Idaho Library, Moscow, Idaho 83844-2351.",English,,,2014-04-17,2014-04-17,http://cdm17254.contentdm.oclc.org/cdm/ref/collection/ijcw/id/184,184,185.cpd,/ijcw/image/185.cpd
ijc_jw_111,ijc_jw_110,When?,,,,,,,,,,,,JW.139k_Guitar,,image/jpg,,,,,,,2009-08-27,2009-08-27,http://cdm17254.contentdm.oclc.org/cdm/ref/collection/ijcw/id/183,183,184.jpg,/ijcw/image/184.jpg
ijc_jw_112,ijc_jw_110,When?,,,,,,,,,,,,JW.139j_Drums,,image/jpg,,,,,,,2009-08-27,2009-08-27,http://cdm17254.contentdm.oclc.org/cdm/ref/collection/ijcw/id/182,182,183.jpg,/ijcw/image/183.jpg
ijc_jw_113,ijc_jw_110,When?,,,,,,,,,,,,JW.139i_Bass,,image/jpg,,,,,,,2009-08-27,2009-08-27,http://cdm17254.contentdm.oclc.org/cdm/ref/collection/ijcw/id/181,181,182.jpg,/ijcw/image/182.jpg
ijc_jw_114,ijc_jw_110,When?,,,,,,,,,,,,JW.139h_Piano,,image/jpg,,,,,,,2009-08-27,2009-08-27,http://cdm17254.contentdm.oclc.org/cdm/ref/collection/ijcw/id/180,180,181.jpg,/ijcw/image/181.jpg
ijc_jw_115,ijc_jw_110,When?,,,,,,,,,,,,JW.139g_Vibes,,image/jpg,,,,,,,2009-08-27,2009-08-27,http://cdm17254.contentdm.oclc.org/cdm/ref/collection/ijcw/id/179,179,180.jpg,/ijcw/image/180.jpg
ijc_jw_116,ijc_jw_110,When?,,,,,,,,,,,,JW.139f_Trom,,image/jpg,,,,,,,2009-08-27,2009-08-27,http://cdm17254.contentdm.oclc.org/cdm/ref/collection/ijcw/id/178,178,179.jpg,/ijcw/image/179.jpg
ijc_jw_117,ijc_jw_110,When?,,,,,,,,,,,,JW.139e_Trpt2,,image/jpg,,,,,,,2009-08-27,2009-08-27,http://cdm17254.contentdm.oclc.org/cdm/ref/collection/ijcw/id/177,177,178.jpg,/ijcw/image/178.jpg
ijc_jw_118,ijc_jw_110,When?,,,,,,,,,,,,JW.139d_Trpt1,,image/jpg,,,,,,,2009-08-27,2009-08-27,http://cdm17254.contentdm.oclc.org/cdm/ref/collection/ijcw/id/176,176,177.jpg,/ijcw/image/177.jpg
ijc_jw_119,ijc_jw_110,When?,,,,,,,,,,,,JW.139c_Bari,,image/jpg,,,,,,,2009-08-27,2009-08-27,http://cdm17254.contentdm.oclc.org/cdm/ref/collection/ijcw/id/175,175,176.jpg,/ijcw/image/176.jpg
ijc_jw_120,ijc_jw_110,When?,,,,,,,,,,,,JW.139b_Tenor,,image/jpg,,,,,,,2009-08-27,2009-08-27,http://cdm17254.contentdm.oclc.org/cdm/ref/collection/ijcw/id/174,174,175.jpg,/ijcw/image/175.jpg
ijc_jw_121,ijc_jw_110,When?,,,,,,,,,,,,JW.139a_Alto,,image/jpg,,,,,,,2009-08-27,2009-08-27,http://cdm17254.contentdm.oclc.org/cdm/ref/collection/ijcw/id/173,173,174.jpg,/ijcw/image/174.jpg
ijc_jw_122,,Small Hotel,,,1940,y,"1 score (15 p.) + 6 parts, includes vocals","Willaims, Joe (1918-1999); Williams, Joe--Archives; Music--Scores; Jazz--Scores;",Joe Williams Collection,International Jazz Collections,University of Idaho Library,"MG 005, Container 10, Folder 124",IJC005,JW.124,Arrangement,image/jpg,Image;StillImage,"400 dpi, 8-bit depth grayscale JPG; Minolta PS 7000 Scanner, scanned with  Adobe Photoshop CS2 version 9.0.2, Archival Master file is a TIFF","Digital image copyright 2008, The University of Idaho. All rights reserved. For more information contact Special Collections and Archives, University of Idaho Library, Moscow, Idaho 83844-2351.",English,,,2014-04-17,2014-04-17,http://cdm17254.contentdm.oclc.org/cdm/ref/collection/ijcw/id/172,172,173.cpd,/ijcw/image/173.cpd
ijc_jw_123,ijc_jw_122,Small Hotel,,,,,,,,,,,,JW.124g_Control2,,image/jpg,,,,,,,2009-08-27,2009-08-27,http://cdm17254.contentdm.oclc.org/cdm/ref/collection/ijcw/id/171,171,172.jpg,/ijcw/image/172.jpg
ijc_jw_124,ijc_jw_122,Small Hotel,,,,,,,,,,,,JW.124f_Control,,image/jpg,,,,,,,2009-08-27,2009-08-27,http://cdm17254.contentdm.oclc.org/cdm/ref/collection/ijcw/id/170,170,171.jpg,/ijcw/image/171.jpg
ijc_jw_125,ijc_jw_122,Small Hotel,,,,,,,,,,,,JW.124e_Guitar,,image/jpg,,,,,,,2009-08-27,2009-08-27,http://cdm17254.contentdm.oclc.org/cdm/ref/collection/ijcw/id/169,169,170.jpg,/ijcw/image/170.jpg
ijc_jw_126,ijc_jw_122,Small Hotel,,,,,,,,,,,,JW.124d_Drums,,image/jpg,,,,,,,2009-08-27,2009-08-27,http://cdm17254.contentdm.oclc.org/cdm/ref/collection/ijcw/id/168,168,169.jpg,/ijcw/image/169.jpg
ijc_jw_127,ijc_jw_122,Small Hotel,,,,,,,,,,,,JW.124c_Jimmie,,image/jpg,,,,,,,2009-08-27,2009-08-27,http://cdm17254.contentdm.oclc.org/cdm/ref/collection/ijcw/id/167,167,168.jpg,/ijcw/image/168.jpg
ijc_jw_128,ijc_jw_122,Small Hotel,,,,,,,,,,,,JW.124b_Sweets,,image/jpg,,,,,,,2009-08-27,2009-08-27,http://cdm17254.contentdm.oclc.org/cdm/ref/collection/ijcw/id/166,166,167.jpg,/ijcw/image/167.jpg
ijc_jw_129,ijc_jw_122,Small Hotel,,,,,,,,,,,,JW.124a_Joe,,image/jpg,,,,,,,2009-08-27,2009-08-27,http://cdm17254.contentdm.oclc.org/cdm/ref/collection/ijcw/id/165,165,166.jpg,/ijcw/image/166.jpg
ijc_jw_130,,When I Fall in Love,"Farnon, Robert",,1940,y,1 Score (11 p.) + 4 parts; includes Vocals,"Willaims, Joe (1918-1999); Williams, Joe--Archives; Music--Scores; Jazz--Scores;",Joe Williams Collection,International Jazz Collections,University of Idaho Library,"MG 005, Container 42, Folder 589",IJC005,JW.589,Arrangement,image/jpg,Image;StillImage,"400 dpi, 8-bit depth grayscale JPG; Minolta PS 7000 Scanner, scanned with  Adobe Photoshop CS2 version 9.0.2, Archival Master file is a TIFF","Digital image copyright 2008, The University of Idaho. All rights reserved. For more information contact Special Collections and Archives, University of Idaho Library, Moscow, Idaho 83844-2351.",English,,,2014-04-17,2014-04-17,http://cdm17254.contentdm.oclc.org/cdm/ref/collection/ijcw/id/164,164,165.cpd,/ijcw/image/165.cpd
ijc_jw_131,ijc_jw_130,When I Fall in Love,,,,,,,,,,,,JW.589f_Drums,,image/jpg,,,,,,,2009-08-27,2009-08-27,http://cdm17254.contentdm.oclc.org/cdm/ref/collection/ijcw/id/163,163,164.jpg,/ijcw/image/164.jpg
ijc_jw_132,ijc_jw_130,When I Fall in Love,,,,,,,,,,,,JW.589e_Guitar,,image/jpg,,,,,,,2009-08-27,2009-08-27,http://cdm17254.contentdm.oclc.org/cdm/ref/collection/ijcw/id/162,162,163.jpg,/ijcw/image/163.jpg
ijc_jw_133,ijc_jw_130,When I Fall in Love,,,,,,,,,,,,JW.589d_Bass,,image/jpg,,,,,,,2009-08-27,2009-08-27,http://cdm17254.contentdm.oclc.org/cdm/ref/collection/ijcw/id/161,161,162.jpg,/ijcw/image/162.jpg
ijc_jw_134,ijc_jw_130,When I Fall in Love,,,,,,,,,,,,JW.589c_Vocal 3,,image/jpg,,,,,,,2009-08-27,2009-08-27,http://cdm17254.contentdm.oclc.org/cdm/ref/collection/ijcw/id/160,160,161.jpg,/ijcw/image/161.jpg
ijc_jw_135,ijc_jw_130,When I Fall in Love,,,,,,,,,,,,JW.589b_Vocal 2,,image/jpg,,,,,,,2009-08-27,2009-08-27,http://cdm17254.contentdm.oclc.org/cdm/ref/collection/ijcw/id/159,159,160.jpg,/ijcw/image/160.jpg
ijc_jw_136,ijc_jw_130,When I Fall in Love,,,,,,,,,,,,JW.589a_Vocal 1,,image/jpg,,,,,,,2009-08-27,2009-08-27,http://cdm17254.contentdm.oclc.org/cdm/ref/collection/ijcw/id/158,158,159.jpg,/ijcw/image/159.jpg
ijc_jw_137,,Say it isn't So,"Cohn, Al",,1940,y,"1 score (7 p.) + 6 parts, includes vocals","Willaims, Joe (1918-1999); Williams, Joe--Archives; Music--Scores; Jazz--Scores;",Joe Williams Collection,International Jazz Collections,University of Idaho Library,"MG 005, Container 07, Folder 099",IJC005,JW.099,Arrangement,image/jpg,Image;StillImage,"400 dpi, 8-bit depth grayscale JPG; Minolta PS 7000 Scanner, scanned with  Adobe Photoshop CS2 version 9.0.2, Archival Master file is a TIFF","Digital image copyright 2008, The University of Idaho. All rights reserved. For more information contact Special Collections and Archives, University of Idaho Library, Moscow, Idaho 83844-2351.",English,,,2014-04-17,2014-04-17,http://cdm17254.contentdm.oclc.org/cdm/ref/collection/ijcw/id/157,157,158.cpd,/ijcw/image/158.cpd
ijc_jw_138,ijc_jw_137,Say it isn't So,,,,,,,,,,,,JW.099a_Vocal,,image/jpg,,,,,,,2009-08-27,2009-08-27,http://cdm17254.contentdm.oclc.org/cdm/ref/collection/ijcw/id/156,156,157.jpg,/ijcw/image/157.jpg
ijc_jw_139,ijc_jw_137,Say it isn't So,,,,,,,,,,,,JW.099f_Drums,,image/jpg,,,,,,,2009-08-27,2009-08-27,http://cdm17254.contentdm.oclc.org/cdm/ref/collection/ijcw/id/155,155,156.jpg,/ijcw/image/156.jpg
ijc_jw_140,ijc_jw_137,Say it isn't So,,,,,,,,,,,,JW.099e_Piano,,image/jpg,,,,,,,2009-08-27,2009-08-27,http://cdm17254.contentdm.oclc.org/cdm/ref/collection/ijcw/id/154,154,155.jpg,/ijcw/image/155.jpg
ijc_jw_141,ijc_jw_137,Say it isn't So,,,,,,,,,,,,JW.099d_Bass,,image/jpg,,,,,,,2009-08-27,2009-08-27,http://cdm17254.contentdm.oclc.org/cdm/ref/collection/ijcw/id/153,153,154.jpg,/ijcw/image/154.jpg
ijc_jw_142,ijc_jw_137,Say it isn't So,,,,,,,,,,,,JW.099c_Tenor,,image/jpg,,,,,,,2009-08-27,2009-08-27,http://cdm17254.contentdm.oclc.org/cdm/ref/collection/ijcw/id/152,152,153.jpg,/ijcw/image/153.jpg
ijc_jw_143,ijc_jw_137,Say it isn't So,,,,,,,,,,,,JW.099b_Trumpet,,image/jpg,,,,,,,2009-08-27,2009-08-27,http://cdm17254.contentdm.oclc.org/cdm/ref/collection/ijcw/id/151,151,152.jpg,/ijcw/image/152.jpg
ijc_jw_144,,My Romance,"Hunter, Frank",,1940,y,1 Score (5 p.) + 2 parts,"Willaims, Joe (1918-1999); Williams, Joe--Archives; Music--Scores; Jazz--Scores;",Joe Williams Collection,International Jazz Collections,University of Idaho Library,"MG 005, Container 31, Folder 431",IJC005,JW.431,Arrangement,image/jpg,Image;StillImage,"400 dpi, 8-bit depth grayscale JPG; Minolta PS 7000 Scanner, scanned with  Adobe Photoshop CS2 version 9.0.2, Archival Master file is a TIFF","Digital image copyright 2008, The University of Idaho. All rights reserved. For more information contact Special Collections and Archives, University of Idaho Library, Moscow, Idaho 83844-2351.",English,,,2014-04-17,2014-04-17,http://cdm17254.contentdm.oclc.org/cdm/ref/collection/ijcw/id/150,150,151.cpd,/ijcw/image/151.cpd
ijc_jw_145,ijc_jw_144,My Romance,,,,,,,,,,,,JW.431c_Bass,,image/jpg,,,,,,,2009-08-27,2009-08-27,http://cdm17254.contentdm.oclc.org/cdm/ref/collection/ijcw/id/149,149,150.jpg,/ijcw/image/150.jpg
ijc_jw_146,ijc_jw_144,My Romance,,,,,,,,,,,,JW.431b_Piano 2,,image/jpg,,,,,,,2009-08-27,2009-08-27,http://cdm17254.contentdm.oclc.org/cdm/ref/collection/ijcw/id/148,148,149.jpg,/ijcw/image/149.jpg
ijc_jw_147,ijc_jw_144,My Romance,,,,,,,,,,,,JW.431a_Piano 1,,image/jpg,,,,,,,2009-08-27,2009-08-27,http://cdm17254.contentdm.oclc.org/cdm/ref/collection/ijcw/id/147,147,148.jpg,/ijcw/image/148.jpg
